{
 "ou": [
  49.152608,
  16.50449
 ],
 "zs": [
  49.151101,
  16.49256
 ],
 "ms": [
  49.152197,
  16.492572
 ],
 "zus": [
  49.152798,
  16.503037
 ],
 "hrbitov": [
  49.155724,
  16.505481
 ],
 "koupaliste": [
  49.153454,
  16.497222
 ],
 "sokolovna": [
  49.152563,
  16.493885
 ],
 "nadrazi": [
  49.153937,
  16.484136
 ],
 "dps": [
  49.152739,
  16.489958
 ],
 "kostel": [
  49.151493,
  16.503444
 ],
 "cov": [
  49.1508755,
  16.51823
 ],
 "od": [
  49.152556,
  16.492694
 ],
 "kesi": [
  49.152696,
  16.492957
 ],
 "hasici": [
  49.152408,
  16.505467
 ],
 "trnky": [
  49.15245,
  16.503257
 ],
 "lotruvka": [
  49.145363,
  16.494813
 ],
 "bobrava": [
  49.132421,
  16.507106
 ],
 "brezeci": [
  49.150696,
  16.476805
 ]
}