rok;obdobi;ico;ci_type;paragraf;paragraf_nazev;par_skupina;par_oddil;polozka;polozka_nazev;druh;trida;seskupeni;podseskupeni;schvaleny_rozpocet;upraveny_rozpocet;skutecnost
2026;6;00282618;2;0000;Pro příjmy (technický záznam);Příjmy;Příjmy;1111;Příjem z daně z příjmů fyzických osob placené plátci;Příjmy;Daňové příjmy;Daně z příjmů, zisku a kapitálových výnosů a některé další přímé daně;Příjem z daní z příjmů fyzických osob;17000000.00;17000000.00;7726630.60
2026;6;00282618;2;0000;Pro příjmy (technický záznam);Příjmy;Příjmy;1112;Příjem z daně z příjmů fyzických osob placené poplatníky;Příjmy;Daňové příjmy;Daně z příjmů, zisku a kapitálových výnosů a některé další přímé daně;Příjem z daní z příjmů fyzických osob;1550000.00;1550000.00;513415.24
2026;6;00282618;2;0000;Pro příjmy (technický záznam);Příjmy;Příjmy;1113;Příjem z daně z příjmů fyzických osob vybírané srážkou podle zvláštní sazby daně;Příjmy;Daňové příjmy;Daně z příjmů, zisku a kapitálových výnosů a některé další přímé daně;Příjem z daní z příjmů fyzických osob;3000000.00;3000000.00;1376880.29
2026;6;00282618;2;0000;Pro příjmy (technický záznam);Příjmy;Příjmy;1121;Příjem z daně z příjmů právnických osob;Příjmy;Daňové příjmy;Daně z příjmů, zisku a kapitálových výnosů a některé další přímé daně;Příjem z daní z příjmů právnických osob;22500000.00;22500000.00;9779670.14
2026;6;00282618;2;0000;Pro příjmy (technický záznam);Příjmy;Příjmy;1122;Příjem z daně z příjmů právnických osob v případech, kdy poplatníkem je obec, s výjimkou daně vybírané srážkou podle zvláštní sazby daně;Příjmy;Daňové příjmy;Daně z příjmů, zisku a kapitálových výnosů a některé další přímé daně;Příjem z daní z příjmů právnických osob;995000.00;1376400.00;1376340.00
2026;6;00282618;2;0000;Pro příjmy (technický záznam);Příjmy;Příjmy;1211;Příjem z daně z přidané hodnoty;Příjmy;Daňové příjmy;Daně, poplatky a jiná obdobná peněžitá plnění ze zboží a služeb v tuzemsku;Příjem ze všeobecných daní ze zboží a služeb v tuzemsku;42200000.00;42200000.00;19809612.46
2026;6;00282618;2;0000;Pro příjmy (technický záznam);Příjmy;Příjmy;1334;Příjem z odvodů za odnětí půdy ze zemědělského půdního fondu podle zákona upravujícího ochranu zemědělského půdního fondu;Příjmy;Daňové příjmy;Daně a poplatky z vybraných činností a služeb;Příjem z poplatků a odvodů v oblasti životního prostředí;100000.00;336100.00;336079.80
2026;6;00282618;2;0000;Pro příjmy (technický záznam);Příjmy;Příjmy;1341;Příjem z poplatku ze psů;Příjmy;Daňové příjmy;Daně a poplatky z vybraných činností a služeb;Příjem z místních poplatků z vybraných činností a služeb;71000.00;71000.00;64775.00
2026;6;00282618;2;0000;Pro příjmy (technický záznam);Příjmy;Příjmy;1343;Příjem z poplatku za užívání veřejného prostranství;Příjmy;Daňové příjmy;Daně a poplatky z vybraných činností a služeb;Příjem z místních poplatků z vybraných činností a služeb;47000.00;47000.00;19930.00
2026;6;00282618;2;0000;Pro příjmy (technický záznam);Příjmy;Příjmy;1345;Příjem z poplatku za obecní systém odpadového hospodářství a příjem z poplatku za odkládání komunálního odpadu z nemovité věci;Příjmy;Daňové příjmy;Daně a poplatky z vybraných činností a služeb;Příjem z místních poplatků z vybraných činností a služeb;0.00;3000.00;2221.00
2026;6;00282618;2;0000;Pro příjmy (technický záznam);Příjmy;Příjmy;1361;Příjem ze správních poplatků;Příjmy;Daňové příjmy;Daně a poplatky z vybraných činností a služeb;Příjem ze správních a soudních poplatků;900000.00;900000.00;479650.00
2026;6;00282618;2;0000;Pro příjmy (technický záznam);Příjmy;Příjmy;1386;Příjem z daně z hazardních her s výjimkou technických her neprovozovaných prostřednictvím internetu;Příjmy;Daňové příjmy;Daně a poplatky z vybraných činností a služeb;Příjem z daní, poplatků a jiných obdobných peněžitých plnění v oblasti hazardních her;700000.00;700000.00;370653.16
2026;6;00282618;2;0000;Pro příjmy (technický záznam);Příjmy;Příjmy;1387;Příjem z daně z technických her neprovozovaných prostřednictvím internetu;Příjmy;Daňové příjmy;Daně a poplatky z vybraných činností a služeb;Příjem z daní, poplatků a jiných obdobných peněžitých plnění v oblasti hazardních her;300000.00;300000.00;139221.82
2026;6;00282618;2;0000;Pro příjmy (technický záznam);Příjmy;Příjmy;1511;Příjem z daně z nemovitých věcí;Příjmy;Daňové příjmy;Příjem z majetkových daní;Příjem z daní z majetku;4500000.00;4500000.00;4246095.99
2026;6;00282618;2;0000;Pro příjmy (technický záznam);Příjmy;Příjmy;4111;Neinvestiční přijaté transfery z všeobecné pokladní správy státního rozpočtu;Příjmy;Přijaté transfery;Neinvestiční přijaté transfery;Neinvestiční přijaté transfery od rozpočtů ústřední úrovně;65000.00;70300.00;5216.00
2026;6;00282618;2;0000;Pro příjmy (technický záznam);Příjmy;Příjmy;4112;Neinvestiční přijaté transfery ze státního rozpočtu v rámci souhrnného dotačního vztahu;Příjmy;Přijaté transfery;Neinvestiční přijaté transfery;Neinvestiční přijaté transfery od rozpočtů ústřední úrovně;3780100.00;3820800.00;1910400.00
2026;6;00282618;2;0000;Pro příjmy (technický záznam);Příjmy;Příjmy;4116;Ostatní neinvestiční přijaté transfery ze státního rozpočtu;Příjmy;Přijaté transfery;Neinvestiční přijaté transfery;Neinvestiční přijaté transfery od rozpočtů ústřední úrovně;1916000.00;1948500.00;1948434.68
2026;6;00282618;2;0000;Pro příjmy (technický záznam);Příjmy;Příjmy;4121;Neinvestiční přijaté transfery od obcí;Příjmy;Přijaté transfery;Neinvestiční přijaté transfery;Neinvestiční přijaté transfery od rozpočtů územní úrovně;170000.00;170000.00;115000.00
2026;6;00282618;2;0000;Pro příjmy (technický záznam);Příjmy;Příjmy;4213;Investiční přijaté transfery ze státních fondů;Příjmy;Přijaté transfery;Investiční přijaté transfery;Investiční přijaté transfery od rozpočtů ústřední úrovně;800000.00;2647200.00;2647107.00
2026;6;00282618;2;0000;Pro příjmy (technický záznam);Příjmy;Příjmy;8115;Změny stavu krátkodobých prostředků na bankovních účtech kromě změn stavů účtů státních finančních aktiv, které tvoří kapitolu Operace státních finančních aktiv;Financování;Financování;Financování z tuzemska;Krátkodobé financování;0.00;20410100.00;0.00
2026;6;00282618;2;0000;Pro příjmy (technický záznam);Příjmy;Příjmy;8117;Aktivní krátkodobé operace řízení likvidity - příjmy;Financování;Financování;Financování z tuzemska;Krátkodobé financování;0.00;20000000.00;20000000.00
2026;6;00282618;2;1012;Podnikání a restrukturalizace v zemědělství a potravinářství;Zemědělství, lesní hospodářství a rybářství;Zemědělství, lesní hospodářství a rybářství;2131;Příjem z pronájmu nebo pachtu pozemků;Příjmy;Nedaňové příjmy;Příjem z vlastní činnosti a odvody přebytků organizací s přímým vztahem;Příjem z pronájmu nebo pachtu majetku;28000.00;28000.00;24856.00
2026;6;00282618;2;1069;Ostatní správa v zemědělství;Zemědělství, lesní hospodářství a rybářství;Zemědělství, lesní hospodářství a rybářství;2212;Příjem sankčních plateb přijatých od jiných osob;Příjmy;Nedaňové příjmy;Přijaté sankční platby a vratky transferů;Přijaté sankční platby;0.00;7500.00;7500.00
2026;6;00282618;2;2122;Sběr a zpracování druhotných surovin;Průmyslová a ostatní odvětví hospodářství;Průmysl, stavebnictví, obchod a služby;2111;Příjem z poskytování služeb, výrobků, prací, výkonů a práv;Příjmy;Nedaňové příjmy;Příjem z vlastní činnosti a odvody přebytků organizací s přímým vztahem;Příjem z vlastní činnosti;65000.00;65000.00;22392.00
2026;6;00282618;2;2169;Ostatní správa v průmyslu, stavebnictví, obchodu a službách;Průmyslová a ostatní odvětví hospodářství;Průmysl, stavebnictví, obchod a služby;2212;Příjem sankčních plateb přijatých od jiných osob;Příjmy;Nedaňové příjmy;Přijaté sankční platby a vratky transferů;Přijaté sankční platby;95000.00;95000.00;50000.00
2026;6;00282618;2;2169;Ostatní správa v průmyslu, stavebnictví, obchodu a službách;Průmyslová a ostatní odvětví hospodářství;Průmysl, stavebnictví, obchod a služby;2324;Přijaté neinvestiční příspěvky a náhrady;Příjmy;Nedaňové příjmy;Příjem z prodeje neinvestičního majetku a ostatní nedaňové příjmy;Ostatní nedaňové příjmy;5000.00;5000.00;0.00
2026;6;00282618;2;2223;Bezpečnost silničního provozu;Průmyslová a ostatní odvětví hospodářství;Doprava;2324;Přijaté neinvestiční příspěvky a náhrady;Příjmy;Nedaňové příjmy;Příjem z prodeje neinvestičního majetku a ostatní nedaňové příjmy;Ostatní nedaňové příjmy;0.00;2700.00;2686.23
2026;6;00282618;2;2411;Záležitosti pošt;Průmyslová a ostatní odvětví hospodářství;Spoje;2111;Příjem z poskytování služeb, výrobků, prací, výkonů a práv;Příjmy;Nedaňové příjmy;Příjem z vlastní činnosti a odvody přebytků organizací s přímým vztahem;Příjem z vlastní činnosti;3000.00;7300.00;3630.00
2026;6;00282618;2;2411;Záležitosti pošt;Průmyslová a ostatní odvětví hospodářství;Spoje;2132;Příjem z pronájmu nebo pachtu ostatních nemovitých věcí a jejich částí;Příjmy;Nedaňové příjmy;Příjem z vlastní činnosti a odvody přebytků organizací s přímým vztahem;Příjem z pronájmu nebo pachtu majetku;38000.00;38000.00;21961.52
2026;6;00282618;2;3111;Mateřské školy;Služby pro fyzické osoby;Vzdělávání a školské služby;2111;Příjem z poskytování služeb, výrobků, prací, výkonů a práv;Příjmy;Nedaňové příjmy;Příjem z vlastní činnosti a odvody přebytků organizací s přímým vztahem;Příjem z vlastní činnosti;5000.00;5000.00;838.90
2026;6;00282618;2;3111;Mateřské školy;Služby pro fyzické osoby;Vzdělávání a školské služby;2324;Přijaté neinvestiční příspěvky a náhrady;Příjmy;Nedaňové příjmy;Příjem z prodeje neinvestičního majetku a ostatní nedaňové příjmy;Ostatní nedaňové příjmy;175000.00;175000.00;127902.66
2026;6;00282618;2;3312;Hudební činnost;Služby pro fyzické osoby;Kultura, církve a sdělovací prostředky;2111;Příjem z poskytování služeb, výrobků, prací, výkonů a práv;Příjmy;Nedaňové příjmy;Příjem z vlastní činnosti a odvody přebytků organizací s přímým vztahem;Příjem z vlastní činnosti;100000.00;100000.00;1500.00
2026;6;00282618;2;3314;Činnosti knihovnické;Služby pro fyzické osoby;Kultura, církve a sdělovací prostředky;2111;Příjem z poskytování služeb, výrobků, prací, výkonů a práv;Příjmy;Nedaňové příjmy;Příjem z vlastní činnosti a odvody přebytků organizací s přímým vztahem;Příjem z vlastní činnosti;20000.00;20000.00;14410.00
2026;6;00282618;2;3319;Ostatní záležitosti kultury;Služby pro fyzické osoby;Kultura, církve a sdělovací prostředky;2112;Příjem z prodeje zboží (již nakoupeného za účelem prodeje);Příjmy;Nedaňové příjmy;Příjem z vlastní činnosti a odvody přebytků organizací s přímým vztahem;Příjem z vlastní činnosti;1000.00;1000.00;0.00
2026;6;00282618;2;3326;Pořízení, zachování a obnova hodnot místního kulturního, národního a historického povědomí;Služby pro fyzické osoby;Kultura, církve a sdělovací prostředky;2322;Příjem z pojistných plnění;Příjmy;Nedaňové příjmy;Příjem z prodeje neinvestičního majetku a ostatní nedaňové příjmy;Ostatní nedaňové příjmy;0.00;119500.00;119495.00
2026;6;00282618;2;3341;Rozhlas a televize;Služby pro fyzické osoby;Kultura, církve a sdělovací prostředky;2111;Příjem z poskytování služeb, výrobků, prací, výkonů a práv;Příjmy;Nedaňové příjmy;Příjem z vlastní činnosti a odvody přebytků organizací s přímým vztahem;Příjem z vlastní činnosti;20000.00;20000.00;10410.00
2026;6;00282618;2;3349;Ostatní záležitosti sdělovacích prostředků;Služby pro fyzické osoby;Kultura, církve a sdělovací prostředky;2111;Příjem z poskytování služeb, výrobků, prací, výkonů a práv;Příjmy;Nedaňové příjmy;Příjem z vlastní činnosti a odvody přebytků organizací s přímým vztahem;Příjem z vlastní činnosti;25000.00;25000.00;11231.62
2026;6;00282618;2;3412;Sportovní zařízení ve vlastnictví obce;Služby pro fyzické osoby;Sport a zájmová činnost;2132;Příjem z pronájmu nebo pachtu ostatních nemovitých věcí a jejich částí;Příjmy;Nedaňové příjmy;Příjem z vlastní činnosti a odvody přebytků organizací s přímým vztahem;Příjem z pronájmu nebo pachtu majetku;24000.00;24000.00;0.00
2026;6;00282618;2;3412;Sportovní zařízení ve vlastnictví obce;Služby pro fyzické osoby;Sport a zájmová činnost;2324;Přijaté neinvestiční příspěvky a náhrady;Příjmy;Nedaňové příjmy;Příjem z prodeje neinvestičního majetku a ostatní nedaňové příjmy;Ostatní nedaňové příjmy;87000.00;123100.00;116957.40
2026;6;00282618;2;3612;Bytové hospodářství;Služby pro fyzické osoby;Bydlení, komunální služby a územní rozvoj;2324;Přijaté neinvestiční příspěvky a náhrady;Příjmy;Nedaňové příjmy;Příjem z prodeje neinvestičního majetku a ostatní nedaňové příjmy;Ostatní nedaňové příjmy;200000.00;200000.00;1291.19
2026;6;00282618;2;3613;Nebytové hospodářství;Služby pro fyzické osoby;Bydlení, komunální služby a územní rozvoj;2111;Příjem z poskytování služeb, výrobků, prací, výkonů a práv;Příjmy;Nedaňové příjmy;Příjem z vlastní činnosti a odvody přebytků organizací s přímým vztahem;Příjem z vlastní činnosti;565000.00;565000.00;351910.00
2026;6;00282618;2;3613;Nebytové hospodářství;Služby pro fyzické osoby;Bydlení, komunální služby a územní rozvoj;2132;Příjem z pronájmu nebo pachtu ostatních nemovitých věcí a jejich částí;Příjmy;Nedaňové příjmy;Příjem z vlastní činnosti a odvody přebytků organizací s přímým vztahem;Příjem z pronájmu nebo pachtu majetku;1400000.00;1400000.00;822956.93
2026;6;00282618;2;3613;Nebytové hospodářství;Služby pro fyzické osoby;Bydlení, komunální služby a územní rozvoj;2324;Přijaté neinvestiční příspěvky a náhrady;Příjmy;Nedaňové příjmy;Příjem z prodeje neinvestičního majetku a ostatní nedaňové příjmy;Ostatní nedaňové příjmy;1195000.00;1600000.00;1125321.04
2026;6;00282618;2;3631;Veřejné osvětlení;Služby pro fyzické osoby;Bydlení, komunální služby a územní rozvoj;2322;Příjem z pojistných plnění;Příjmy;Nedaňové příjmy;Příjem z prodeje neinvestičního majetku a ostatní nedaňové příjmy;Ostatní nedaňové příjmy;0.00;29600.00;29587.00
2026;6;00282618;2;3631;Veřejné osvětlení;Služby pro fyzické osoby;Bydlení, komunální služby a územní rozvoj;2324;Přijaté neinvestiční příspěvky a náhrady;Příjmy;Nedaňové příjmy;Příjem z prodeje neinvestičního majetku a ostatní nedaňové příjmy;Ostatní nedaňové příjmy;0.00;167800.00;127709.13
2026;6;00282618;2;3632;Pohřebnictví;Služby pro fyzické osoby;Bydlení, komunální služby a územní rozvoj;2112;Příjem z prodeje zboží (již nakoupeného za účelem prodeje);Příjmy;Nedaňové příjmy;Příjem z vlastní činnosti a odvody přebytků organizací s přímým vztahem;Příjem z vlastní činnosti;25000.00;25000.00;0.00
2026;6;00282618;2;3632;Pohřebnictví;Služby pro fyzické osoby;Bydlení, komunální služby a územní rozvoj;2132;Příjem z pronájmu nebo pachtu ostatních nemovitých věcí a jejich částí;Příjmy;Nedaňové příjmy;Příjem z vlastní činnosti a odvody přebytků organizací s přímým vztahem;Příjem z pronájmu nebo pachtu majetku;30000.00;30000.00;2500.00
2026;6;00282618;2;3632;Pohřebnictví;Služby pro fyzické osoby;Bydlení, komunální služby a územní rozvoj;2139;Ostatní příjmy z pronájmu nebo pachtu majetku;Příjmy;Nedaňové příjmy;Příjem z vlastní činnosti a odvody přebytků organizací s přímým vztahem;Příjem z pronájmu nebo pachtu majetku;59000.00;59000.00;9245.00
2026;6;00282618;2;3632;Pohřebnictví;Služby pro fyzické osoby;Bydlení, komunální služby a územní rozvoj;2324;Přijaté neinvestiční příspěvky a náhrady;Příjmy;Nedaňové příjmy;Příjem z prodeje neinvestičního majetku a ostatní nedaňové příjmy;Ostatní nedaňové příjmy;15000.00;15000.00;12362.14
2026;6;00282618;2;3639;Komunální služby a územní rozvoj jinde nezařazené;Služby pro fyzické osoby;Bydlení, komunální služby a územní rozvoj;2119;Ostatní příjmy z vlastní činnosti;Příjmy;Nedaňové příjmy;Příjem z vlastní činnosti a odvody přebytků organizací s přímým vztahem;Příjem z vlastní činnosti;50000.00;50000.00;14075.00
2026;6;00282618;2;3639;Komunální služby a územní rozvoj jinde nezařazené;Služby pro fyzické osoby;Bydlení, komunální služby a územní rozvoj;2131;Příjem z pronájmu nebo pachtu pozemků;Příjmy;Nedaňové příjmy;Příjem z vlastní činnosti a odvody přebytků organizací s přímým vztahem;Příjem z pronájmu nebo pachtu majetku;54300.00;54300.00;52336.00
2026;6;00282618;2;3639;Komunální služby a územní rozvoj jinde nezařazené;Služby pro fyzické osoby;Bydlení, komunální služby a územní rozvoj;3111;Příjem z prodeje pozemků;Příjmy;Kapitálové příjmy;Příjem z prodeje dlouhodobého majetku a ostatní kapitálové příjmy;Příjem z prodeje dlouhodobého majetku (kromě drobného);0.00;43400.00;43400.00
2026;6;00282618;2;3721;Sběr a svoz nebezpečných odpadů;Služby pro fyzické osoby;Ochrana životního prostředí;2111;Příjem z poskytování služeb, výrobků, prací, výkonů a práv;Příjmy;Nedaňové příjmy;Příjem z vlastní činnosti a odvody přebytků organizací s přímým vztahem;Příjem z vlastní činnosti;1000.00;1000.00;72.00
2026;6;00282618;2;3722;Sběr a svoz komunálních odpadů;Služby pro fyzické osoby;Ochrana životního prostředí;2111;Příjem z poskytování služeb, výrobků, prací, výkonů a práv;Příjmy;Nedaňové příjmy;Příjem z vlastní činnosti a odvody přebytků organizací s přímým vztahem;Příjem z vlastní činnosti;30800.00;30800.00;0.00
2026;6;00282618;2;3723;Sběr a svoz ostatních odpadů jiných než nebezpečných a komunálních;Služby pro fyzické osoby;Ochrana životního prostředí;2111;Příjem z poskytování služeb, výrobků, prací, výkonů a práv;Příjmy;Nedaňové příjmy;Příjem z vlastní činnosti a odvody přebytků organizací s přímým vztahem;Příjem z vlastní činnosti;33000.00;33000.00;14484.00
2026;6;00282618;2;3724;Využívání a zneškodňování nebezpečných odpadů;Služby pro fyzické osoby;Ochrana životního prostředí;2111;Příjem z poskytování služeb, výrobků, prací, výkonů a práv;Příjmy;Nedaňové příjmy;Příjem z vlastní činnosti a odvody přebytků organizací s přímým vztahem;Příjem z vlastní činnosti;35000.00;35000.00;19726.96
2026;6;00282618;2;3725;Využívání a zneškodňování komunálních odpadů;Služby pro fyzické osoby;Ochrana životního prostředí;2111;Příjem z poskytování služeb, výrobků, prací, výkonů a práv;Příjmy;Nedaňové příjmy;Příjem z vlastní činnosti a odvody přebytků organizací s přímým vztahem;Příjem z vlastní činnosti;950000.00;950000.00;458807.81
2026;6;00282618;2;3745;Péče o vzhled obcí a veřejnou zeleň;Služby pro fyzické osoby;Ochrana životního prostředí;2111;Příjem z poskytování služeb, výrobků, prací, výkonů a práv;Příjmy;Nedaňové příjmy;Příjem z vlastní činnosti a odvody přebytků organizací s přímým vztahem;Příjem z vlastní činnosti;0.00;210500.00;210435.34
2026;6;00282618;2;3900;Ostatní činnosti související se službami pro fyzické osoby;Služby pro fyzické osoby;Ostatní činnosti související se službami pro fyzické osoby;2112;Příjem z prodeje zboží (již nakoupeného za účelem prodeje);Příjmy;Nedaňové příjmy;Příjem z vlastní činnosti a odvody přebytků organizací s přímým vztahem;Příjem z vlastní činnosti;10000.00;10000.00;4605.00
2026;6;00282618;2;4357;Domovy pro osoby se zdravotním postižením a domovy se zvláštním režimem;Sociální věci a politika zaměstnanosti;Sociální služby a společné činnosti v sociálním zabezpečení a politice zaměstnanosti;2111;Příjem z poskytování služeb, výrobků, prací, výkonů a práv;Příjmy;Nedaňové příjmy;Příjem z vlastní činnosti a odvody přebytků organizací s přímým vztahem;Příjem z vlastní činnosti;300000.00;300000.00;150740.00
2026;6;00282618;2;4357;Domovy pro osoby se zdravotním postižením a domovy se zvláštním režimem;Sociální věci a politika zaměstnanosti;Sociální služby a společné činnosti v sociálním zabezpečení a politice zaměstnanosti;2132;Příjem z pronájmu nebo pachtu ostatních nemovitých věcí a jejich částí;Příjmy;Nedaňové příjmy;Příjem z vlastní činnosti a odvody přebytků organizací s přímým vztahem;Příjem z pronájmu nebo pachtu majetku;680000.00;680000.00;336280.00
2026;6;00282618;2;4357;Domovy pro osoby se zdravotním postižením a domovy se zvláštním režimem;Sociální věci a politika zaměstnanosti;Sociální služby a společné činnosti v sociálním zabezpečení a politice zaměstnanosti;2324;Přijaté neinvestiční příspěvky a náhrady;Příjmy;Nedaňové příjmy;Příjem z prodeje neinvestičního majetku a ostatní nedaňové příjmy;Ostatní nedaňové příjmy;94000.00;94000.00;71568.14
2026;6;00282618;2;4359;Ostatní služby a činnosti v oblasti sociální péče;Sociální věci a politika zaměstnanosti;Sociální služby a společné činnosti v sociálním zabezpečení a politice zaměstnanosti;2112;Příjem z prodeje zboží (již nakoupeného za účelem prodeje);Příjmy;Nedaňové příjmy;Příjem z vlastní činnosti a odvody přebytků organizací s přímým vztahem;Příjem z vlastní činnosti;1500000.00;1500000.00;874290.00
2026;6;00282618;2;4359;Ostatní služby a činnosti v oblasti sociální péče;Sociální věci a politika zaměstnanosti;Sociální služby a společné činnosti v sociálním zabezpečení a politice zaměstnanosti;2322;Příjem z pojistných plnění;Příjmy;Nedaňové příjmy;Příjem z prodeje neinvestičního majetku a ostatní nedaňové příjmy;Ostatní nedaňové příjmy;0.00;12000.00;11936.00
2026;6;00282618;2;5512;Požární ochrana - dobrovolná část;Bezpečnost státu a právní ochrana;Požární ochrana a integrovaný záchranný systém;2111;Příjem z poskytování služeb, výrobků, prací, výkonů a práv;Příjmy;Nedaňové příjmy;Příjem z vlastní činnosti a odvody přebytků organizací s přímým vztahem;Příjem z vlastní činnosti;0.00;100.00;33.87
2026;6;00282618;2;5512;Požární ochrana - dobrovolná část;Bezpečnost státu a právní ochrana;Požární ochrana a integrovaný záchranný systém;2324;Přijaté neinvestiční příspěvky a náhrady;Příjmy;Nedaňové příjmy;Příjem z prodeje neinvestičního majetku a ostatní nedaňové příjmy;Ostatní nedaňové příjmy;0.00;31100.00;27773.38
2026;6;00282618;2;6171;Činnost místní správy;Všeobecná veřejná správa a služby;Státní moc, státní správa, územní samospráva a politické strany;2111;Příjem z poskytování služeb, výrobků, prací, výkonů a práv;Příjmy;Nedaňové příjmy;Příjem z vlastní činnosti a odvody přebytků organizací s přímým vztahem;Příjem z vlastní činnosti;3000.00;3000.00;323.81
2026;6;00282618;2;6171;Činnost místní správy;Všeobecná veřejná správa a služby;Státní moc, státní správa, územní samospráva a politické strany;2112;Příjem z prodeje zboží (již nakoupeného za účelem prodeje);Příjmy;Nedaňové příjmy;Příjem z vlastní činnosti a odvody přebytků organizací s přímým vztahem;Příjem z vlastní činnosti;13000.00;13000.00;650.00
2026;6;00282618;2;6171;Činnost místní správy;Všeobecná veřejná správa a služby;Státní moc, státní správa, územní samospráva a politické strany;2131;Příjem z pronájmu nebo pachtu pozemků;Příjmy;Nedaňové příjmy;Příjem z vlastní činnosti a odvody přebytků organizací s přímým vztahem;Příjem z pronájmu nebo pachtu majetku;37000.00;37000.00;29332.00
2026;6;00282618;2;6171;Činnost místní správy;Všeobecná veřejná správa a služby;Státní moc, státní správa, územní samospráva a politické strany;2132;Příjem z pronájmu nebo pachtu ostatních nemovitých věcí a jejich částí;Příjmy;Nedaňové příjmy;Příjem z vlastní činnosti a odvody přebytků organizací s přímým vztahem;Příjem z pronájmu nebo pachtu majetku;115000.00;115000.00;114950.00
2026;6;00282618;2;6171;Činnost místní správy;Všeobecná veřejná správa a služby;Státní moc, státní správa, územní samospráva a politické strany;2212;Příjem sankčních plateb přijatých od jiných osob;Příjmy;Nedaňové příjmy;Přijaté sankční platby a vratky transferů;Přijaté sankční platby;0.00;23500.00;23497.60
2026;6;00282618;2;6171;Činnost místní správy;Všeobecná veřejná správa a služby;Státní moc, státní správa, územní samospráva a politické strany;2324;Přijaté neinvestiční příspěvky a náhrady;Příjmy;Nedaňové příjmy;Příjem z prodeje neinvestičního majetku a ostatní nedaňové příjmy;Ostatní nedaňové příjmy;52000.00;57100.00;57036.12
2026;6;00282618;2;6310;Obecné příjmy a výdaje z finančních operací;Všeobecná veřejná správa a služby;Finanční operace;2141;Příjem z úroků;Příjmy;Nedaňové příjmy;Příjem z vlastní činnosti a odvody přebytků organizací s přímým vztahem;Přijaté výnosy z finančního majetku;300000.00;563000.00;415500.00
2026;6;00282618;2;6330;Převody vlastním fondům v rozpočtech územní úrovně;Všeobecná veřejná správa a služby;Finanční operace;4134;Převody z rozpočtových účtů;Příjmy;Přijaté transfery;Neinvestiční přijaté transfery;Neinvestiční převody z vlastních fondů a ve vztahu k útvarům bez právní osobnosti;738000.00;738000.00;437917.04
2026;6;00282618;2;6330;Převody vlastním fondům v rozpočtech územní úrovně;Všeobecná veřejná správa a služby;Finanční operace;4138;Převody z vlastní pokladny;Příjmy;Přijaté transfery;Neinvestiční přijaté transfery;Neinvestiční převody z vlastních fondů a ve vztahu k útvarům bez právní osobnosti;0.00;0.00;350000.00
2026;6;00282618;2;6402;Finanční vypořádání;Všeobecná veřejná správa a služby;Ostatní činnosti;2229;Ostatní přijaté vratky transferů a podobné příjmy;Příjmy;Nedaňové příjmy;Přijaté sankční platby a vratky transferů;Přijaté vratky transferů a ostatní podobné příjmy;0.00;747000.00;746876.00
2026;6;00282618;2;6409;Ostatní činnosti jinde nezařazené;Všeobecná veřejná správa a služby;Ostatní činnosti;2329;Ostatní nedaňové příjmy jinde nezařazené;Příjmy;Nedaňové příjmy;Příjem z prodeje neinvestičního majetku a ostatní nedaňové příjmy;Ostatní nedaňové příjmy;1000.00;1000.00;0.00
2026;6;00282618;3;1039;Ostatní záležitosti lesního hospodářství;Zemědělství, lesní hospodářství a rybářství;Zemědělství, lesní hospodářství a rybářství;6129;Nákup ostatního dlouhodobého hmotného majetku;Výdaje;Kapitálové výdaje;Investiční nákupy a související výdaje;Pořízení dlouhodobého hmotného majetku;2000000.00;3622500.00;179080.00
2026;6;00282618;3;2115;Úspora energie a obnovitelné zdroje;Průmyslová a ostatní odvětví hospodářství;Průmysl, stavebnictví, obchod a služby;5021;Ostatní osobní výdaje;Výdaje;Běžné výdaje;Výdaje na platy a obdobné a související výdaje;Výdaje na ostatní platby za provedenou práci;45000.00;45000.00;0.00
2026;6;00282618;3;2115;Úspora energie a obnovitelné zdroje;Průmyslová a ostatní odvětví hospodářství;Průmysl, stavebnictví, obchod a služby;5169;Nákup ostatních služeb;Výdaje;Běžné výdaje;Výdaje na neinvestiční nákupy a související výdaje;Výdaje na nákup služeb;20000.00;53000.00;27776.76
2026;6;00282618;3;2115;Úspora energie a obnovitelné zdroje;Průmyslová a ostatní odvětví hospodářství;Průmysl, stavebnictví, obchod a služby;6119;Ostatní nákup dlouhodobého nehmotného majetku;Výdaje;Kapitálové výdaje;Investiční nákupy a související výdaje;Pořízení dlouhodobého nehmotného majetku;300000.00;300000.00;112000.00
2026;6;00282618;3;2115;Úspora energie a obnovitelné zdroje;Průmyslová a ostatní odvětví hospodářství;Průmysl, stavebnictví, obchod a služby;6121;Stavby;Výdaje;Kapitálové výdaje;Investiční nákupy a související výdaje;Pořízení dlouhodobého hmotného majetku;535000.00;700000.00;390150.44
2026;6;00282618;3;2115;Úspora energie a obnovitelné zdroje;Průmyslová a ostatní odvětví hospodářství;Průmysl, stavebnictví, obchod a služby;6122;Stroje, přístroje a zařízení;Výdaje;Kapitálové výdaje;Investiční nákupy a související výdaje;Pořízení dlouhodobého hmotného majetku;0.00;240000.00;0.00
2026;6;00282618;3;2212;Silnice;Průmyslová a ostatní odvětví hospodářství;Doprava;5139;Nákup materiálu jinde nezařazený;Výdaje;Běžné výdaje;Výdaje na neinvestiční nákupy a související výdaje;Výdaje na nákup materiálu;550000.00;550000.00;16879.00
2026;6;00282618;3;2212;Silnice;Průmyslová a ostatní odvětví hospodářství;Doprava;5169;Nákup ostatních služeb;Výdaje;Běžné výdaje;Výdaje na neinvestiční nákupy a související výdaje;Výdaje na nákup služeb;40000.00;40000.00;24264.13
2026;6;00282618;3;2212;Silnice;Průmyslová a ostatní odvětví hospodářství;Doprava;5171;Opravy a udržování;Výdaje;Běžné výdaje;Výdaje na neinvestiční nákupy a související výdaje;Výdaje na ostatní nákupy;90000.00;90000.00;0.00
2026;6;00282618;3;2212;Silnice;Průmyslová a ostatní odvětví hospodářství;Doprava;6121;Stavby;Výdaje;Kapitálové výdaje;Investiční nákupy a související výdaje;Pořízení dlouhodobého hmotného majetku;100000.00;100000.00;7000.00
2026;6;00282618;3;2219;Ostatní záležitosti pozemních komunikací;Průmyslová a ostatní odvětví hospodářství;Doprava;5139;Nákup materiálu jinde nezařazený;Výdaje;Běžné výdaje;Výdaje na neinvestiční nákupy a související výdaje;Výdaje na nákup materiálu;5000.00;5000.00;0.00
2026;6;00282618;3;2219;Ostatní záležitosti pozemních komunikací;Průmyslová a ostatní odvětví hospodářství;Doprava;5171;Opravy a udržování;Výdaje;Běžné výdaje;Výdaje na neinvestiční nákupy a související výdaje;Výdaje na ostatní nákupy;75000.00;75000.00;34586.00
2026;6;00282618;3;2219;Ostatní záležitosti pozemních komunikací;Průmyslová a ostatní odvětví hospodářství;Doprava;6121;Stavby;Výdaje;Kapitálové výdaje;Investiční nákupy a související výdaje;Pořízení dlouhodobého hmotného majetku;16613100.00;23055100.00;325773.80
2026;6;00282618;3;2219;Ostatní záležitosti pozemních komunikací;Průmyslová a ostatní odvětví hospodářství;Doprava;6349;Ostatní investiční transfery rozpočtům územní úrovně;Výdaje;Kapitálové výdaje;Investiční transfery;Investiční transfery rozpočtům územní úrovně;2483000.00;2483000.00;1075000.00
2026;6;00282618;3;2223;Bezpečnost silničního provozu;Průmyslová a ostatní odvětví hospodářství;Doprava;5154;Elektrická energie;Výdaje;Běžné výdaje;Výdaje na neinvestiční nákupy a související výdaje;Výdaje na nákup vody, paliv a energie;17000.00;17000.00;7200.00
2026;6;00282618;3;2223;Bezpečnost silničního provozu;Průmyslová a ostatní odvětví hospodářství;Doprava;5162;Služby elektronických komunikací;Výdaje;Běžné výdaje;Výdaje na neinvestiční nákupy a související výdaje;Výdaje na nákup služeb;25000.00;25000.00;9576.00
2026;6;00282618;3;2223;Bezpečnost silničního provozu;Průmyslová a ostatní odvětví hospodářství;Doprava;5169;Nákup ostatních služeb;Výdaje;Běžné výdaje;Výdaje na neinvestiční nákupy a související výdaje;Výdaje na nákup služeb;422000.00;422000.00;0.00
2026;6;00282618;3;2292;Dopravní obslužnost veřejnými službami - linková;Průmyslová a ostatní odvětví hospodářství;Doprava;5323;Neinvestiční transfery krajům;Výdaje;Běžné výdaje;Neinvestiční transfery veřejnoprávním osobám a mezi peněžními fondy téže osoby a platby daní;Neinvestiční transfery rozpočtům územní úrovně;328300.00;328300.00;328300.00
2026;6;00282618;3;2310;Pitná voda;Průmyslová a ostatní odvětví hospodářství;Vodní hospodářství;5329;Ostatní neinvestiční transfery rozpočtům územní úrovně;Výdaje;Běžné výdaje;Neinvestiční transfery veřejnoprávním osobám a mezi peněžními fondy téže osoby a platby daní;Neinvestiční transfery rozpočtům územní úrovně;97200.00;97200.00;97110.00
2026;6;00282618;3;2321;Odvádění a čištění odpadních vod a nakládání s kaly;Průmyslová a ostatní odvětví hospodářství;Vodní hospodářství;5169;Nákup ostatních služeb;Výdaje;Běžné výdaje;Výdaje na neinvestiční nákupy a související výdaje;Výdaje na nákup služeb;60000.00;60000.00;53721.00
2026;6;00282618;3;2321;Odvádění a čištění odpadních vod a nakládání s kaly;Průmyslová a ostatní odvětví hospodářství;Vodní hospodářství;5171;Opravy a udržování;Výdaje;Běžné výdaje;Výdaje na neinvestiční nákupy a související výdaje;Výdaje na ostatní nákupy;0.00;255000.00;254418.43
2026;6;00282618;3;2321;Odvádění a čištění odpadních vod a nakládání s kaly;Průmyslová a ostatní odvětví hospodářství;Vodní hospodářství;5901;Nespecifikované rezervy;Výdaje;Běžné výdaje;Ostatní neinvestiční výdaje;Ostatní neinvestiční výdaje;500000.00;0.00;0.00
2026;6;00282618;3;2321;Odvádění a čištění odpadních vod a nakládání s kaly;Průmyslová a ostatní odvětví hospodářství;Vodní hospodářství;6121;Stavby;Výdaje;Kapitálové výdaje;Investiční nákupy a související výdaje;Pořízení dlouhodobého hmotného majetku;1151000.00;1151000.00;0.00
2026;6;00282618;3;2321;Odvádění a čištění odpadních vod a nakládání s kaly;Průmyslová a ostatní odvětví hospodářství;Vodní hospodářství;6322;Investiční transfery spolkům;Výdaje;Kapitálové výdaje;Investiční transfery;Investiční transfery neziskovým a podobným osobám;0.00;11000000.00;0.00
2026;6;00282618;3;2333;Úpravy drobných vodních toků;Průmyslová a ostatní odvětví hospodářství;Vodní hospodářství;5171;Opravy a udržování;Výdaje;Běžné výdaje;Výdaje na neinvestiční nákupy a související výdaje;Výdaje na ostatní nákupy;671500.00;671500.00;0.00
2026;6;00282618;3;2411;Záležitosti pošt;Průmyslová a ostatní odvětví hospodářství;Spoje;5011;Platy zaměstnanců v pracovním poměru vyjma zaměstnanců na služebních místech;Výdaje;Běžné výdaje;Výdaje na platy a obdobné a související výdaje;Platy;500000.00;500000.00;0.00
2026;6;00282618;3;2411;Záležitosti pošt;Průmyslová a ostatní odvětví hospodářství;Spoje;5031;Povinné pojistné na sociální zabezpečení a příspěvek na státní politiku zaměstnanosti;Výdaje;Běžné výdaje;Výdaje na platy a obdobné a související výdaje;Povinné a zákonné pojistné placené zaměstnavatelem;125000.00;125000.00;0.00
2026;6;00282618;3;2411;Záležitosti pošt;Průmyslová a ostatní odvětví hospodářství;Spoje;5032;Povinné pojistné na veřejné zdravotní pojištění;Výdaje;Běžné výdaje;Výdaje na platy a obdobné a související výdaje;Povinné a zákonné pojistné placené zaměstnavatelem;45000.00;45000.00;0.00
2026;6;00282618;3;2411;Záležitosti pošt;Průmyslová a ostatní odvětví hospodářství;Spoje;5139;Nákup materiálu jinde nezařazený;Výdaje;Běžné výdaje;Výdaje na neinvestiční nákupy a související výdaje;Výdaje na nákup materiálu;155000.00;155000.00;0.00
2026;6;00282618;3;2411;Záležitosti pošt;Průmyslová a ostatní odvětví hospodářství;Spoje;5169;Nákup ostatních služeb;Výdaje;Běžné výdaje;Výdaje na neinvestiční nákupy a související výdaje;Výdaje na nákup služeb;145000.00;145000.00;0.00
2026;6;00282618;3;2411;Záležitosti pošt;Průmyslová a ostatní odvětví hospodářství;Spoje;5171;Opravy a udržování;Výdaje;Běžné výdaje;Výdaje na neinvestiční nákupy a související výdaje;Výdaje na ostatní nákupy;30000.00;30000.00;0.00
2026;6;00282618;3;3111;Mateřské školy;Služby pro fyzické osoby;Vzdělávání a školské služby;5139;Nákup materiálu jinde nezařazený;Výdaje;Běžné výdaje;Výdaje na neinvestiční nákupy a související výdaje;Výdaje na nákup materiálu;15000.00;15000.00;4373.67
2026;6;00282618;3;3111;Mateřské školy;Služby pro fyzické osoby;Vzdělávání a školské služby;5154;Elektrická energie;Výdaje;Běžné výdaje;Výdaje na neinvestiční nákupy a související výdaje;Výdaje na nákup vody, paliv a energie;140000.00;140000.00;88002.66
2026;6;00282618;3;3111;Mateřské školy;Služby pro fyzické osoby;Vzdělávání a školské služby;5169;Nákup ostatních služeb;Výdaje;Běžné výdaje;Výdaje na neinvestiční nákupy a související výdaje;Výdaje na nákup služeb;15000.00;15000.00;1394.00
2026;6;00282618;3;3111;Mateřské školy;Služby pro fyzické osoby;Vzdělávání a školské služby;5171;Opravy a udržování;Výdaje;Běžné výdaje;Výdaje na neinvestiční nákupy a související výdaje;Výdaje na ostatní nákupy;310000.00;310000.00;8247.36
2026;6;00282618;3;3111;Mateřské školy;Služby pro fyzické osoby;Vzdělávání a školské služby;6121;Stavby;Výdaje;Kapitálové výdaje;Investiční nákupy a související výdaje;Pořízení dlouhodobého hmotného majetku;1100000.00;1100000.00;0.00
2026;6;00282618;3;3119;Ostatní záležitosti základního vzdělávání;Služby pro fyzické osoby;Vzdělávání a školské služby;5011;Platy zaměstnanců v pracovním poměru vyjma zaměstnanců na služebních místech;Výdaje;Běžné výdaje;Výdaje na platy a obdobné a související výdaje;Platy;475000.00;475000.00;261007.00
2026;6;00282618;3;3119;Ostatní záležitosti základního vzdělávání;Služby pro fyzické osoby;Vzdělávání a školské služby;5021;Ostatní osobní výdaje;Výdaje;Běžné výdaje;Výdaje na platy a obdobné a související výdaje;Výdaje na ostatní platby za provedenou práci;10000.00;10000.00;0.00
2026;6;00282618;3;3119;Ostatní záležitosti základního vzdělávání;Služby pro fyzické osoby;Vzdělávání a školské služby;5031;Povinné pojistné na sociální zabezpečení a příspěvek na státní politiku zaměstnanosti;Výdaje;Běžné výdaje;Výdaje na platy a obdobné a související výdaje;Povinné a zákonné pojistné placené zaměstnavatelem;110000.00;110000.00;64729.84
2026;6;00282618;3;3119;Ostatní záležitosti základního vzdělávání;Služby pro fyzické osoby;Vzdělávání a školské služby;5032;Povinné pojistné na veřejné zdravotní pojištění;Výdaje;Běžné výdaje;Výdaje na platy a obdobné a související výdaje;Povinné a zákonné pojistné placené zaměstnavatelem;34400.00;34400.00;23490.00
2026;6;00282618;3;3119;Ostatní záležitosti základního vzdělávání;Služby pro fyzické osoby;Vzdělávání a školské služby;5137;Drobný dlouhodobý hmotný majetek;Výdaje;Běžné výdaje;Výdaje na neinvestiční nákupy a související výdaje;Výdaje na nákup materiálu;0.00;686000.00;0.00
2026;6;00282618;3;3119;Ostatní záležitosti základního vzdělávání;Služby pro fyzické osoby;Vzdělávání a školské služby;5162;Služby elektronických komunikací;Výdaje;Běžné výdaje;Výdaje na neinvestiční nákupy a související výdaje;Výdaje na nákup služeb;600.00;600.00;293.95
2026;6;00282618;3;3119;Ostatní záležitosti základního vzdělávání;Služby pro fyzické osoby;Vzdělávání a školské služby;5169;Nákup ostatních služeb;Výdaje;Běžné výdaje;Výdaje na neinvestiční nákupy a související výdaje;Výdaje na nákup služeb;0.00;40000.00;3206.50
2026;6;00282618;3;3119;Ostatní záležitosti základního vzdělávání;Služby pro fyzické osoby;Vzdělávání a školské služby;5171;Opravy a udržování;Výdaje;Běžné výdaje;Výdaje na neinvestiční nákupy a související výdaje;Výdaje na ostatní nákupy;0.00;100000.00;30556.13
2026;6;00282618;3;3119;Ostatní záležitosti základního vzdělávání;Služby pro fyzické osoby;Vzdělávání a školské služby;5331;Neinvestiční příspěvky zřízeným příspěvkovým organizacím;Výdaje;Běžné výdaje;Neinvestiční transfery veřejnoprávním osobám a mezi peněžními fondy téže osoby a platby daní;Neinvestiční transfery příspěvkovým a podobným organizacím;19000000.00;20500000.00;9600004.00
2026;6;00282618;3;3119;Ostatní záležitosti základního vzdělávání;Služby pro fyzické osoby;Vzdělávání a školské služby;6121;Stavby;Výdaje;Kapitálové výdaje;Investiční nákupy a související výdaje;Pořízení dlouhodobého hmotného majetku;1900000.00;1414000.00;128260.00
2026;6;00282618;3;3231;Základní umělecké školy;Služby pro fyzické osoby;Vzdělávání a školské služby;5331;Neinvestiční příspěvky zřízeným příspěvkovým organizacím;Výdaje;Běžné výdaje;Neinvestiční transfery veřejnoprávním osobám a mezi peněžními fondy téže osoby a platby daní;Neinvestiční transfery příspěvkovým a podobným organizacím;1900000.00;1900000.00;950002.00
2026;6;00282618;3;3312;Hudební činnost;Služby pro fyzické osoby;Kultura, církve a sdělovací prostředky;5021;Ostatní osobní výdaje;Výdaje;Běžné výdaje;Výdaje na platy a obdobné a související výdaje;Výdaje na ostatní platby za provedenou práci;15000.00;15000.00;0.00
2026;6;00282618;3;3312;Hudební činnost;Služby pro fyzické osoby;Kultura, církve a sdělovací prostředky;5041;Odměny za užití duševního vlastnictví;Výdaje;Běžné výdaje;Výdaje na platy a obdobné a související výdaje;Výdaje na odměny za užití duševního vlastnictví;20000.00;20000.00;0.00
2026;6;00282618;3;3312;Hudební činnost;Služby pro fyzické osoby;Kultura, církve a sdělovací prostředky;5139;Nákup materiálu jinde nezařazený;Výdaje;Běžné výdaje;Výdaje na neinvestiční nákupy a související výdaje;Výdaje na nákup materiálu;3000.00;3000.00;0.00
2026;6;00282618;3;3312;Hudební činnost;Služby pro fyzické osoby;Kultura, církve a sdělovací prostředky;5169;Nákup ostatních služeb;Výdaje;Běžné výdaje;Výdaje na neinvestiční nákupy a související výdaje;Výdaje na nákup služeb;192000.00;192000.00;0.00
2026;6;00282618;3;3312;Hudební činnost;Služby pro fyzické osoby;Kultura, církve a sdělovací prostředky;5175;Pohoštění;Výdaje;Běžné výdaje;Výdaje na neinvestiční nákupy a související výdaje;Výdaje na ostatní nákupy;20000.00;20000.00;0.00
2026;6;00282618;3;3312;Hudební činnost;Služby pro fyzické osoby;Kultura, církve a sdělovací prostředky;5222;Neinvestiční transfery spolkům;Výdaje;Běžné výdaje;Neinvestiční transfery soukromoprávním osobám;Neinvestiční transfery neziskovým a podobným osobám;10000.00;10000.00;10000.00
2026;6;00282618;3;3314;Činnosti knihovnické;Služby pro fyzické osoby;Kultura, církve a sdělovací prostředky;5011;Platy zaměstnanců v pracovním poměru vyjma zaměstnanců na služebních místech;Výdaje;Běžné výdaje;Výdaje na platy a obdobné a související výdaje;Platy;403000.00;403000.00;193380.00
2026;6;00282618;3;3314;Činnosti knihovnické;Služby pro fyzické osoby;Kultura, církve a sdělovací prostředky;5021;Ostatní osobní výdaje;Výdaje;Běžné výdaje;Výdaje na platy a obdobné a související výdaje;Výdaje na ostatní platby za provedenou práci;32000.00;32000.00;18900.00
2026;6;00282618;3;3314;Činnosti knihovnické;Služby pro fyzické osoby;Kultura, církve a sdělovací prostředky;5031;Povinné pojistné na sociální zabezpečení a příspěvek na státní politiku zaměstnanosti;Výdaje;Běžné výdaje;Výdaje na platy a obdobné a související výdaje;Povinné a zákonné pojistné placené zaměstnavatelem;99000.00;99000.00;47178.36
2026;6;00282618;3;3314;Činnosti knihovnické;Služby pro fyzické osoby;Kultura, církve a sdělovací prostředky;5032;Povinné pojistné na veřejné zdravotní pojištění;Výdaje;Běžné výdaje;Výdaje na platy a obdobné a související výdaje;Povinné a zákonné pojistné placené zaměstnavatelem;36000.00;36000.00;17120.00
2026;6;00282618;3;3314;Činnosti knihovnické;Služby pro fyzické osoby;Kultura, církve a sdělovací prostředky;5136;Knihy a obdobné listinné informační prostředky;Výdaje;Běžné výdaje;Výdaje na neinvestiční nákupy a související výdaje;Výdaje na nákup materiálu;120000.00;120000.00;64566.94
2026;6;00282618;3;3314;Činnosti knihovnické;Služby pro fyzické osoby;Kultura, církve a sdělovací prostředky;5137;Drobný dlouhodobý hmotný majetek;Výdaje;Běžné výdaje;Výdaje na neinvestiční nákupy a související výdaje;Výdaje na nákup materiálu;13000.00;33000.00;6763.00
2026;6;00282618;3;3314;Činnosti knihovnické;Služby pro fyzické osoby;Kultura, církve a sdělovací prostředky;5139;Nákup materiálu jinde nezařazený;Výdaje;Běžné výdaje;Výdaje na neinvestiční nákupy a související výdaje;Výdaje na nákup materiálu;20400.00;20400.00;1113.30
2026;6;00282618;3;3314;Činnosti knihovnické;Služby pro fyzické osoby;Kultura, církve a sdělovací prostředky;5162;Služby elektronických komunikací;Výdaje;Běžné výdaje;Výdaje na neinvestiční nákupy a související výdaje;Výdaje na nákup služeb;9000.00;9000.00;4390.50
2026;6;00282618;3;3314;Činnosti knihovnické;Služby pro fyzické osoby;Kultura, církve a sdělovací prostředky;5169;Nákup ostatních služeb;Výdaje;Běžné výdaje;Výdaje na neinvestiční nákupy a související výdaje;Výdaje na nákup služeb;5000.00;50000.00;46806.20
2026;6;00282618;3;3314;Činnosti knihovnické;Služby pro fyzické osoby;Kultura, církve a sdělovací prostředky;5171;Opravy a udržování;Výdaje;Běžné výdaje;Výdaje na neinvestiční nákupy a související výdaje;Výdaje na ostatní nákupy;0.00;10200.00;10151.90
2026;6;00282618;3;3314;Činnosti knihovnické;Služby pro fyzické osoby;Kultura, církve a sdělovací prostředky;5179;Ostatní nákupy jinde nezařazené;Výdaje;Běžné výdaje;Výdaje na neinvestiční nákupy a související výdaje;Výdaje na ostatní nákupy;600.00;800.00;715.00
2026;6;00282618;3;3314;Činnosti knihovnické;Služby pro fyzické osoby;Kultura, církve a sdělovací prostředky;5194;Výdaje na věcné dary;Výdaje;Běžné výdaje;Výdaje na neinvestiční nákupy a související výdaje;Výdaje související s neinvestičními nákupy, příspěvky, náhrady a výdaje na věcné dary;7000.00;7000.00;6763.00
2026;6;00282618;3;3314;Činnosti knihovnické;Služby pro fyzické osoby;Kultura, církve a sdělovací prostředky;5499;Ostatní neinvestiční transfery fyzickým osobám;Výdaje;Běžné výdaje;Neinvestiční transfery a některé náhrady fyzickým osobám;Ostatní neinvestiční transfery fyzickým osobám;35000.00;35000.00;26970.00
2026;6;00282618;3;3314;Činnosti knihovnické;Služby pro fyzické osoby;Kultura, církve a sdělovací prostředky;6121;Stavby;Výdaje;Kapitálové výdaje;Investiční nákupy a související výdaje;Pořízení dlouhodobého hmotného majetku;90000.00;59800.00;0.00
2026;6;00282618;3;3315;Činnosti muzeí a galerií;Služby pro fyzické osoby;Kultura, církve a sdělovací prostředky;5139;Nákup materiálu jinde nezařazený;Výdaje;Běžné výdaje;Výdaje na neinvestiční nákupy a související výdaje;Výdaje na nákup materiálu;3000.00;3000.00;0.00
2026;6;00282618;3;3315;Činnosti muzeí a galerií;Služby pro fyzické osoby;Kultura, církve a sdělovací prostředky;5169;Nákup ostatních služeb;Výdaje;Běžné výdaje;Výdaje na neinvestiční nákupy a související výdaje;Výdaje na nákup služeb;2000.00;2000.00;0.00
2026;6;00282618;3;3319;Ostatní záležitosti kultury;Služby pro fyzické osoby;Kultura, církve a sdělovací prostředky;5139;Nákup materiálu jinde nezařazený;Výdaje;Běžné výdaje;Výdaje na neinvestiční nákupy a související výdaje;Výdaje na nákup materiálu;15000.00;15000.00;1482.00
2026;6;00282618;3;3319;Ostatní záležitosti kultury;Služby pro fyzické osoby;Kultura, církve a sdělovací prostředky;5169;Nákup ostatních služeb;Výdaje;Běžné výdaje;Výdaje na neinvestiční nákupy a související výdaje;Výdaje na nákup služeb;65000.00;65000.00;0.00
2026;6;00282618;3;3319;Ostatní záležitosti kultury;Služby pro fyzické osoby;Kultura, církve a sdělovací prostředky;5175;Pohoštění;Výdaje;Běžné výdaje;Výdaje na neinvestiční nákupy a související výdaje;Výdaje na ostatní nákupy;20000.00;20000.00;6382.00
2026;6;00282618;3;3319;Ostatní záležitosti kultury;Služby pro fyzické osoby;Kultura, církve a sdělovací prostředky;5222;Neinvestiční transfery spolkům;Výdaje;Běžné výdaje;Neinvestiční transfery soukromoprávním osobám;Neinvestiční transfery neziskovým a podobným osobám;70000.00;70000.00;70000.00
2026;6;00282618;3;3326;Pořízení, zachování a obnova hodnot místního kulturního, národního a historického povědomí;Služby pro fyzické osoby;Kultura, církve a sdělovací prostředky;5171;Opravy a udržování;Výdaje;Běžné výdaje;Výdaje na neinvestiční nákupy a související výdaje;Výdaje na ostatní nákupy;20000.00;139500.00;119495.00
2026;6;00282618;3;3330;Činnosti registrovaných církví a náboženských společností;Služby pro fyzické osoby;Kultura, církve a sdělovací prostředky;5223;Neinvestiční transfery církvím a náboženským společnostem;Výdaje;Běžné výdaje;Neinvestiční transfery soukromoprávním osobám;Neinvestiční transfery neziskovým a podobným osobám;230000.00;230000.00;225000.00
2026;6;00282618;3;3341;Rozhlas a televize;Služby pro fyzické osoby;Kultura, církve a sdělovací prostředky;5169;Nákup ostatních služeb;Výdaje;Běžné výdaje;Výdaje na neinvestiční nákupy a související výdaje;Výdaje na nákup služeb;30000.00;30000.00;21378.80
2026;6;00282618;3;3341;Rozhlas a televize;Služby pro fyzické osoby;Kultura, církve a sdělovací prostředky;5171;Opravy a udržování;Výdaje;Běžné výdaje;Výdaje na neinvestiční nákupy a související výdaje;Výdaje na ostatní nákupy;40000.00;40000.00;24526.50
2026;6;00282618;3;3349;Ostatní záležitosti sdělovacích prostředků;Služby pro fyzické osoby;Kultura, církve a sdělovací prostředky;5021;Ostatní osobní výdaje;Výdaje;Běžné výdaje;Výdaje na platy a obdobné a související výdaje;Výdaje na ostatní platby za provedenou práci;73000.00;73000.00;39820.00
2026;6;00282618;3;3349;Ostatní záležitosti sdělovacích prostředků;Služby pro fyzické osoby;Kultura, církve a sdělovací prostředky;5169;Nákup ostatních služeb;Výdaje;Běžné výdaje;Výdaje na neinvestiční nákupy a související výdaje;Výdaje na nákup služeb;277000.00;277000.00;124875.96
2026;6;00282618;3;3399;Ostatní záležitosti kultury, církví a sdělovacích prostředků;Služby pro fyzické osoby;Kultura, církve a sdělovací prostředky;5021;Ostatní osobní výdaje;Výdaje;Běžné výdaje;Výdaje na platy a obdobné a související výdaje;Výdaje na ostatní platby za provedenou práci;18000.00;18000.00;4000.00
2026;6;00282618;3;3399;Ostatní záležitosti kultury, církví a sdělovacích prostředků;Služby pro fyzické osoby;Kultura, církve a sdělovací prostředky;5139;Nákup materiálu jinde nezařazený;Výdaje;Běžné výdaje;Výdaje na neinvestiční nákupy a související výdaje;Výdaje na nákup materiálu;7500.00;7500.00;2720.00
2026;6;00282618;3;3399;Ostatní záležitosti kultury, církví a sdělovacích prostředků;Služby pro fyzické osoby;Kultura, církve a sdělovací prostředky;5175;Pohoštění;Výdaje;Běžné výdaje;Výdaje na neinvestiční nákupy a související výdaje;Výdaje na ostatní nákupy;4500.00;4500.00;1869.00
2026;6;00282618;3;3399;Ostatní záležitosti kultury, církví a sdělovacích prostředků;Služby pro fyzické osoby;Kultura, církve a sdělovací prostředky;5179;Ostatní nákupy jinde nezařazené;Výdaje;Běžné výdaje;Výdaje na neinvestiční nákupy a související výdaje;Výdaje na ostatní nákupy;0.00;5000.00;2300.00
2026;6;00282618;3;3399;Ostatní záležitosti kultury, církví a sdělovacích prostředků;Služby pro fyzické osoby;Kultura, církve a sdělovací prostředky;5194;Výdaje na věcné dary;Výdaje;Běžné výdaje;Výdaje na neinvestiční nákupy a související výdaje;Výdaje související s neinvestičními nákupy, příspěvky, náhrady a výdaje na věcné dary;20000.00;20000.00;7994.00
2026;6;00282618;3;3399;Ostatní záležitosti kultury, církví a sdělovacích prostředků;Služby pro fyzické osoby;Kultura, církve a sdělovací prostředky;5492;Dary fyzickým osobám;Výdaje;Běžné výdaje;Neinvestiční transfery a některé náhrady fyzickým osobám;Ostatní neinvestiční transfery fyzickým osobám;45000.00;45000.00;30000.00
2026;6;00282618;3;3399;Ostatní záležitosti kultury, církví a sdělovacích prostředků;Služby pro fyzické osoby;Kultura, církve a sdělovací prostředky;5499;Ostatní neinvestiční transfery fyzickým osobám;Výdaje;Běžné výdaje;Neinvestiční transfery a některé náhrady fyzickým osobám;Ostatní neinvestiční transfery fyzickým osobám;5000.00;0.00;0.00
2026;6;00282618;3;3412;Sportovní zařízení ve vlastnictví obce;Služby pro fyzické osoby;Sport a zájmová činnost;5139;Nákup materiálu jinde nezařazený;Výdaje;Běžné výdaje;Výdaje na neinvestiční nákupy a související výdaje;Výdaje na nákup materiálu;162000.00;162000.00;11990.54
2026;6;00282618;3;3412;Sportovní zařízení ve vlastnictví obce;Služby pro fyzické osoby;Sport a zájmová činnost;5151;Studená voda včetně stočného a úplaty za odvod dešťových vod;Výdaje;Běžné výdaje;Výdaje na neinvestiční nákupy a související výdaje;Výdaje na nákup vody, paliv a energie;7000.00;7000.00;3000.00
2026;6;00282618;3;3412;Sportovní zařízení ve vlastnictví obce;Služby pro fyzické osoby;Sport a zájmová činnost;5154;Elektrická energie;Výdaje;Běžné výdaje;Výdaje na neinvestiční nákupy a související výdaje;Výdaje na nákup vody, paliv a energie;200000.00;200000.00;87400.00
2026;6;00282618;3;3412;Sportovní zařízení ve vlastnictví obce;Služby pro fyzické osoby;Sport a zájmová činnost;5169;Nákup ostatních služeb;Výdaje;Běžné výdaje;Výdaje na neinvestiční nákupy a související výdaje;Výdaje na nákup služeb;45000.00;45000.00;7305.00
2026;6;00282618;3;3412;Sportovní zařízení ve vlastnictví obce;Služby pro fyzické osoby;Sport a zájmová činnost;5171;Opravy a udržování;Výdaje;Běžné výdaje;Výdaje na neinvestiční nákupy a související výdaje;Výdaje na ostatní nákupy;86000.00;86000.00;0.00
2026;6;00282618;3;3419;Ostatní sportovní činnost;Služby pro fyzické osoby;Sport a zájmová činnost;5222;Neinvestiční transfery spolkům;Výdaje;Běžné výdaje;Neinvestiční transfery soukromoprávním osobám;Neinvestiční transfery neziskovým a podobným osobám;1390000.00;1390000.00;1390000.00
2026;6;00282618;3;3421;Využití volného času dětí a mládeže;Služby pro fyzické osoby;Sport a zájmová činnost;5137;Drobný dlouhodobý hmotný majetek;Výdaje;Běžné výdaje;Výdaje na neinvestiční nákupy a související výdaje;Výdaje na nákup materiálu;0.00;22500.00;0.00
2026;6;00282618;3;3421;Využití volného času dětí a mládeže;Služby pro fyzické osoby;Sport a zájmová činnost;5139;Nákup materiálu jinde nezařazený;Výdaje;Běžné výdaje;Výdaje na neinvestiční nákupy a související výdaje;Výdaje na nákup materiálu;10000.00;10000.00;0.00
2026;6;00282618;3;3421;Využití volného času dětí a mládeže;Služby pro fyzické osoby;Sport a zájmová činnost;5169;Nákup ostatních služeb;Výdaje;Běžné výdaje;Výdaje na neinvestiční nákupy a související výdaje;Výdaje na nákup služeb;30000.00;30000.00;9000.00
2026;6;00282618;3;3421;Využití volného času dětí a mládeže;Služby pro fyzické osoby;Sport a zájmová činnost;5171;Opravy a udržování;Výdaje;Běžné výdaje;Výdaje na neinvestiční nákupy a související výdaje;Výdaje na ostatní nákupy;35000.00;35000.00;5732.98
2026;6;00282618;3;3421;Využití volného času dětí a mládeže;Služby pro fyzické osoby;Sport a zájmová činnost;5229;Ostatní neinvestiční transfery neziskovým a podobným osobám;Výdaje;Běžné výdaje;Neinvestiční transfery soukromoprávním osobám;Neinvestiční transfery neziskovým a podobným osobám;55000.00;55000.00;55000.00
2026;6;00282618;3;3429;Ostatní zájmová činnost a rekreace;Služby pro fyzické osoby;Sport a zájmová činnost;5222;Neinvestiční transfery spolkům;Výdaje;Běžné výdaje;Neinvestiční transfery soukromoprávním osobám;Neinvestiční transfery neziskovým a podobným osobám;165000.00;165000.00;165000.00
2026;6;00282618;3;3429;Ostatní zájmová činnost a rekreace;Služby pro fyzické osoby;Sport a zájmová činnost;5229;Ostatní neinvestiční transfery neziskovým a podobným osobám;Výdaje;Běžné výdaje;Neinvestiční transfery soukromoprávním osobám;Neinvestiční transfery neziskovým a podobným osobám;8000.00;8000.00;8000.00
2026;6;00282618;3;3599;Ostatní činnost ve zdravotnictví;Služby pro fyzické osoby;Zdravotnictví;5229;Ostatní neinvestiční transfery neziskovým a podobným osobám;Výdaje;Běžné výdaje;Neinvestiční transfery soukromoprávním osobám;Neinvestiční transfery neziskovým a podobným osobám;4000.00;5000.00;5000.00
2026;6;00282618;3;3612;Bytové hospodářství;Služby pro fyzické osoby;Bydlení, komunální služby a územní rozvoj;5151;Studená voda včetně stočného a úplaty za odvod dešťových vod;Výdaje;Běžné výdaje;Výdaje na neinvestiční nákupy a související výdaje;Výdaje na nákup vody, paliv a energie;2000.00;2000.00;600.00
2026;6;00282618;3;3612;Bytové hospodářství;Služby pro fyzické osoby;Bydlení, komunální služby a územní rozvoj;5153;Plyn;Výdaje;Běžné výdaje;Výdaje na neinvestiční nákupy a související výdaje;Výdaje na nákup vody, paliv a energie;5000.00;5000.00;1714.21
2026;6;00282618;3;3612;Bytové hospodářství;Služby pro fyzické osoby;Bydlení, komunální služby a územní rozvoj;5154;Elektrická energie;Výdaje;Běžné výdaje;Výdaje na neinvestiční nákupy a související výdaje;Výdaje na nákup vody, paliv a energie;10000.00;10000.00;2257.89
2026;6;00282618;3;3612;Bytové hospodářství;Služby pro fyzické osoby;Bydlení, komunální služby a územní rozvoj;5169;Nákup ostatních služeb;Výdaje;Běžné výdaje;Výdaje na neinvestiční nákupy a související výdaje;Výdaje na nákup služeb;20000.00;20000.00;9832.88
2026;6;00282618;3;3612;Bytové hospodářství;Služby pro fyzické osoby;Bydlení, komunální služby a územní rozvoj;5171;Opravy a udržování;Výdaje;Běžné výdaje;Výdaje na neinvestiční nákupy a související výdaje;Výdaje na ostatní nákupy;352500.00;352500.00;0.00
2026;6;00282618;3;3612;Bytové hospodářství;Služby pro fyzické osoby;Bydlení, komunální služby a územní rozvoj;5199;Ostatní výdaje související s neinvestičními nákupy;Výdaje;Běžné výdaje;Výdaje na neinvestiční nákupy a související výdaje;Výdaje související s neinvestičními nákupy, příspěvky, náhrady a výdaje na věcné dary;10500.00;10500.00;7616.00
2026;6;00282618;3;3613;Nebytové hospodářství;Služby pro fyzické osoby;Bydlení, komunální služby a územní rozvoj;5011;Platy zaměstnanců v pracovním poměru vyjma zaměstnanců na služebních místech;Výdaje;Běžné výdaje;Výdaje na platy a obdobné a související výdaje;Platy;229000.00;229000.00;110418.00
2026;6;00282618;3;3613;Nebytové hospodářství;Služby pro fyzické osoby;Bydlení, komunální služby a územní rozvoj;5031;Povinné pojistné na sociální zabezpečení a příspěvek na státní politiku zaměstnanosti;Výdaje;Běžné výdaje;Výdaje na platy a obdobné a související výdaje;Povinné a zákonné pojistné placené zaměstnavatelem;55000.00;55000.00;25240.74
2026;6;00282618;3;3613;Nebytové hospodářství;Služby pro fyzické osoby;Bydlení, komunální služby a územní rozvoj;5032;Povinné pojistné na veřejné zdravotní pojištění;Výdaje;Běžné výdaje;Výdaje na platy a obdobné a související výdaje;Povinné a zákonné pojistné placené zaměstnavatelem;20000.00;20000.00;9160.00
2026;6;00282618;3;3613;Nebytové hospodářství;Služby pro fyzické osoby;Bydlení, komunální služby a územní rozvoj;5139;Nákup materiálu jinde nezařazený;Výdaje;Běžné výdaje;Výdaje na neinvestiční nákupy a související výdaje;Výdaje na nákup materiálu;20000.00;20000.00;0.00
2026;6;00282618;3;3613;Nebytové hospodářství;Služby pro fyzické osoby;Bydlení, komunální služby a územní rozvoj;5151;Studená voda včetně stočného a úplaty za odvod dešťových vod;Výdaje;Běžné výdaje;Výdaje na neinvestiční nákupy a související výdaje;Výdaje na nákup vody, paliv a energie;150000.00;150000.00;69708.00
2026;6;00282618;3;3613;Nebytové hospodářství;Služby pro fyzické osoby;Bydlení, komunální služby a územní rozvoj;5153;Plyn;Výdaje;Běžné výdaje;Výdaje na neinvestiční nákupy a související výdaje;Výdaje na nákup vody, paliv a energie;460000.00;460000.00;204949.78
2026;6;00282618;3;3613;Nebytové hospodářství;Služby pro fyzické osoby;Bydlení, komunální služby a územní rozvoj;5154;Elektrická energie;Výdaje;Běžné výdaje;Výdaje na neinvestiční nákupy a související výdaje;Výdaje na nákup vody, paliv a energie;1235000.00;1764900.00;1147470.41
2026;6;00282618;3;3613;Nebytové hospodářství;Služby pro fyzické osoby;Bydlení, komunální služby a územní rozvoj;5162;Služby elektronických komunikací;Výdaje;Běžné výdaje;Výdaje na neinvestiční nákupy a související výdaje;Výdaje na nákup služeb;1000.00;1000.00;293.97
2026;6;00282618;3;3613;Nebytové hospodářství;Služby pro fyzické osoby;Bydlení, komunální služby a územní rozvoj;5169;Nákup ostatních služeb;Výdaje;Běžné výdaje;Výdaje na neinvestiční nákupy a související výdaje;Výdaje na nákup služeb;150000.00;150000.00;31871.70
2026;6;00282618;3;3613;Nebytové hospodářství;Služby pro fyzické osoby;Bydlení, komunální služby a územní rozvoj;5171;Opravy a udržování;Výdaje;Běžné výdaje;Výdaje na neinvestiční nákupy a související výdaje;Výdaje na ostatní nákupy;850000.00;2536100.00;28501.55
2026;6;00282618;3;3613;Nebytové hospodářství;Služby pro fyzické osoby;Bydlení, komunální služby a územní rozvoj;5199;Ostatní výdaje související s neinvestičními nákupy;Výdaje;Běžné výdaje;Výdaje na neinvestiční nákupy a související výdaje;Výdaje související s neinvestičními nákupy, příspěvky, náhrady a výdaje na věcné dary;45000.00;45000.00;16542.00
2026;6;00282618;3;3613;Nebytové hospodářství;Služby pro fyzické osoby;Bydlení, komunální služby a územní rozvoj;5499;Ostatní neinvestiční transfery fyzickým osobám;Výdaje;Běžné výdaje;Neinvestiční transfery a některé náhrady fyzickým osobám;Ostatní neinvestiční transfery fyzickým osobám;25000.00;25000.00;6000.00
2026;6;00282618;3;3613;Nebytové hospodářství;Služby pro fyzické osoby;Bydlení, komunální služby a územní rozvoj;5909;Ostatní neinvestiční výdaje jinde nezařazené;Výdaje;Běžné výdaje;Ostatní neinvestiční výdaje;Ostatní neinvestiční výdaje;10000.00;25300.00;15220.12
2026;6;00282618;3;3613;Nebytové hospodářství;Služby pro fyzické osoby;Bydlení, komunální služby a územní rozvoj;6121;Stavby;Výdaje;Kapitálové výdaje;Investiční nákupy a související výdaje;Pořízení dlouhodobého hmotného majetku;6370000.00;6470200.00;293111.04
2026;6;00282618;3;3619;Ostatní rozvoj bydlení a bytového hospodářství;Služby pro fyzické osoby;Bydlení, komunální služby a územní rozvoj;6121;Stavby;Výdaje;Kapitálové výdaje;Investiční nákupy a související výdaje;Pořízení dlouhodobého hmotného majetku;0.00;9990000.00;9990000.00
2026;6;00282618;3;3631;Veřejné osvětlení;Služby pro fyzické osoby;Bydlení, komunální služby a územní rozvoj;5139;Nákup materiálu jinde nezařazený;Výdaje;Běžné výdaje;Výdaje na neinvestiční nákupy a související výdaje;Výdaje na nákup materiálu;2500.00;2500.00;0.00
2026;6;00282618;3;3631;Veřejné osvětlení;Služby pro fyzické osoby;Bydlení, komunální služby a územní rozvoj;5154;Elektrická energie;Výdaje;Běžné výdaje;Výdaje na neinvestiční nákupy a související výdaje;Výdaje na nákup vody, paliv a energie;680000.00;680000.00;301169.00
2026;6;00282618;3;3631;Veřejné osvětlení;Služby pro fyzické osoby;Bydlení, komunální služby a územní rozvoj;5169;Nákup ostatních služeb;Výdaje;Běžné výdaje;Výdaje na neinvestiční nákupy a související výdaje;Výdaje na nákup služeb;2500.00;2500.00;0.00
2026;6;00282618;3;3631;Veřejné osvětlení;Služby pro fyzické osoby;Bydlení, komunální služby a územní rozvoj;5171;Opravy a udržování;Výdaje;Běžné výdaje;Výdaje na neinvestiční nákupy a související výdaje;Výdaje na ostatní nákupy;215000.00;215000.00;200108.74
2026;6;00282618;3;3631;Veřejné osvětlení;Služby pro fyzické osoby;Bydlení, komunální služby a územní rozvoj;6121;Stavby;Výdaje;Kapitálové výdaje;Investiční nákupy a související výdaje;Pořízení dlouhodobého hmotného majetku;500000.00;500000.00;0.00
2026;6;00282618;3;3632;Pohřebnictví;Služby pro fyzické osoby;Bydlení, komunální služby a územní rozvoj;5021;Ostatní osobní výdaje;Výdaje;Běžné výdaje;Výdaje na platy a obdobné a související výdaje;Výdaje na ostatní platby za provedenou práci;33000.00;33000.00;16800.00
2026;6;00282618;3;3632;Pohřebnictví;Služby pro fyzické osoby;Bydlení, komunální služby a územní rozvoj;5138;Nákup zboží za účelem dalšího prodeje;Výdaje;Běžné výdaje;Výdaje na neinvestiční nákupy a související výdaje;Výdaje na nákup materiálu;500000.00;2750700.00;0.00
2026;6;00282618;3;3632;Pohřebnictví;Služby pro fyzické osoby;Bydlení, komunální služby a územní rozvoj;5139;Nákup materiálu jinde nezařazený;Výdaje;Běžné výdaje;Výdaje na neinvestiční nákupy a související výdaje;Výdaje na nákup materiálu;2000.00;2000.00;0.00
2026;6;00282618;3;3632;Pohřebnictví;Služby pro fyzické osoby;Bydlení, komunální služby a územní rozvoj;5154;Elektrická energie;Výdaje;Běžné výdaje;Výdaje na neinvestiční nákupy a související výdaje;Výdaje na nákup vody, paliv a energie;22000.00;22000.00;6660.00
2026;6;00282618;3;3632;Pohřebnictví;Služby pro fyzické osoby;Bydlení, komunální služby a územní rozvoj;5162;Služby elektronických komunikací;Výdaje;Běžné výdaje;Výdaje na neinvestiční nákupy a související výdaje;Výdaje na nákup služeb;6000.00;6000.00;2394.00
2026;6;00282618;3;3632;Pohřebnictví;Služby pro fyzické osoby;Bydlení, komunální služby a územní rozvoj;5164;Nájemné;Výdaje;Běžné výdaje;Výdaje na neinvestiční nákupy a související výdaje;Výdaje na nákup služeb;37000.00;37000.00;18150.00
2026;6;00282618;3;3632;Pohřebnictví;Služby pro fyzické osoby;Bydlení, komunální služby a územní rozvoj;5169;Nákup ostatních služeb;Výdaje;Běžné výdaje;Výdaje na neinvestiční nákupy a související výdaje;Výdaje na nákup služeb;50000.00;50000.00;7744.00
2026;6;00282618;3;3635;Územní plánování;Služby pro fyzické osoby;Bydlení, komunální služby a územní rozvoj;6119;Ostatní nákup dlouhodobého nehmotného majetku;Výdaje;Kapitálové výdaje;Investiční nákupy a související výdaje;Pořízení dlouhodobého nehmotného majetku;400000.00;400000.00;20000.00
2026;6;00282618;3;3636;Územní rozvoj;Služby pro fyzické osoby;Bydlení, komunální služby a územní rozvoj;5179;Ostatní nákupy jinde nezařazené;Výdaje;Běžné výdaje;Výdaje na neinvestiční nákupy a související výdaje;Výdaje na ostatní nákupy;17400.00;17900.00;15349.00
2026;6;00282618;3;3636;Územní rozvoj;Služby pro fyzické osoby;Bydlení, komunální služby a územní rozvoj;5329;Ostatní neinvestiční transfery rozpočtům územní úrovně;Výdaje;Běžné výdaje;Neinvestiční transfery veřejnoprávním osobám a mezi peněžními fondy téže osoby a platby daní;Neinvestiční transfery rozpočtům územní úrovně;82100.00;82100.00;82075.00
2026;6;00282618;3;3639;Komunální služby a územní rozvoj jinde nezařazené;Služby pro fyzické osoby;Bydlení, komunální služby a územní rozvoj;5164;Nájemné;Výdaje;Běžné výdaje;Výdaje na neinvestiční nákupy a související výdaje;Výdaje na nákup služeb;5400.00;6000.00;0.00
2026;6;00282618;3;3639;Komunální služby a územní rozvoj jinde nezařazené;Služby pro fyzické osoby;Bydlení, komunální služby a územní rozvoj;5169;Nákup ostatních služeb;Výdaje;Běžné výdaje;Výdaje na neinvestiční nákupy a související výdaje;Výdaje na nákup služeb;600.00;600.00;580.80
2026;6;00282618;3;3639;Komunální služby a územní rozvoj jinde nezařazené;Služby pro fyzické osoby;Bydlení, komunální služby a územní rozvoj;5229;Ostatní neinvestiční transfery neziskovým a podobným osobám;Výdaje;Běžné výdaje;Neinvestiční transfery soukromoprávním osobám;Neinvestiční transfery neziskovým a podobným osobám;82100.00;82100.00;82075.00
2026;6;00282618;3;3639;Komunální služby a územní rozvoj jinde nezařazené;Služby pro fyzické osoby;Bydlení, komunální služby a územní rozvoj;5901;Nespecifikované rezervy;Výdaje;Běžné výdaje;Ostatní neinvestiční výdaje;Ostatní neinvestiční výdaje;400000.00;400000.00;0.00
2026;6;00282618;3;3639;Komunální služby a územní rozvoj jinde nezařazené;Služby pro fyzické osoby;Bydlení, komunální služby a územní rozvoj;6130;Pozemky;Výdaje;Kapitálové výdaje;Investiční nákupy a související výdaje;Pozemky;2000000.00;7000000.00;1054746.00
2026;6;00282618;3;3721;Sběr a svoz nebezpečných odpadů;Služby pro fyzické osoby;Ochrana životního prostředí;5169;Nákup ostatních služeb;Výdaje;Běžné výdaje;Výdaje na neinvestiční nákupy a související výdaje;Výdaje na nákup služeb;90000.00;90000.00;42917.69
2026;6;00282618;3;3722;Sběr a svoz komunálních odpadů;Služby pro fyzické osoby;Ochrana životního prostředí;5139;Nákup materiálu jinde nezařazený;Výdaje;Běžné výdaje;Výdaje na neinvestiční nákupy a související výdaje;Výdaje na nákup materiálu;550000.00;161500.00;22689.92
2026;6;00282618;3;3722;Sběr a svoz komunálních odpadů;Služby pro fyzické osoby;Ochrana životního prostředí;5168;Zpracování dat a služby související s informačními a komunikačními technologiemi;Výdaje;Běžné výdaje;Výdaje na neinvestiční nákupy a související výdaje;Výdaje na nákup služeb;72600.00;72600.00;36300.00
2026;6;00282618;3;3722;Sběr a svoz komunálních odpadů;Služby pro fyzické osoby;Ochrana životního prostředí;5169;Nákup ostatních služeb;Výdaje;Běžné výdaje;Výdaje na neinvestiční nákupy a související výdaje;Výdaje na nákup služeb;2927400.00;2927400.00;935617.97
2026;6;00282618;3;3723;Sběr a svoz ostatních odpadů jiných než nebezpečných a komunálních;Služby pro fyzické osoby;Ochrana životního prostředí;5021;Ostatní osobní výdaje;Výdaje;Běžné výdaje;Výdaje na platy a obdobné a související výdaje;Výdaje na ostatní platby za provedenou práci;187000.00;187000.00;94580.00
2026;6;00282618;3;3723;Sběr a svoz ostatních odpadů jiných než nebezpečných a komunálních;Služby pro fyzické osoby;Ochrana životního prostředí;5031;Povinné pojistné na sociální zabezpečení a příspěvek na státní politiku zaměstnanosti;Výdaje;Běžné výdaje;Výdaje na platy a obdobné a související výdaje;Povinné a zákonné pojistné placené zaměstnavatelem;26000.00;26000.00;12486.07
2026;6;00282618;3;3723;Sběr a svoz ostatních odpadů jiných než nebezpečných a komunálních;Služby pro fyzické osoby;Ochrana životního prostředí;5032;Povinné pojistné na veřejné zdravotní pojištění;Výdaje;Běžné výdaje;Výdaje na platy a obdobné a související výdaje;Povinné a zákonné pojistné placené zaměstnavatelem;10000.00;10000.00;4531.00
2026;6;00282618;3;3723;Sběr a svoz ostatních odpadů jiných než nebezpečných a komunálních;Služby pro fyzické osoby;Ochrana životního prostředí;5131;Potraviny;Výdaje;Běžné výdaje;Výdaje na neinvestiční nákupy a související výdaje;Výdaje na nákup materiálu;1500.00;1500.00;761.00
2026;6;00282618;3;3723;Sběr a svoz ostatních odpadů jiných než nebezpečných a komunálních;Služby pro fyzické osoby;Ochrana životního prostředí;5133;Léky a zdravotnický materiál;Výdaje;Běžné výdaje;Výdaje na neinvestiční nákupy a související výdaje;Výdaje na nákup materiálu;1500.00;1500.00;0.00
2026;6;00282618;3;3723;Sběr a svoz ostatních odpadů jiných než nebezpečných a komunálních;Služby pro fyzické osoby;Ochrana životního prostředí;5139;Nákup materiálu jinde nezařazený;Výdaje;Běžné výdaje;Výdaje na neinvestiční nákupy a související výdaje;Výdaje na nákup materiálu;3000.00;3000.00;0.00
2026;6;00282618;3;3723;Sběr a svoz ostatních odpadů jiných než nebezpečných a komunálních;Služby pro fyzické osoby;Ochrana životního prostředí;5154;Elektrická energie;Výdaje;Běžné výdaje;Výdaje na neinvestiční nákupy a související výdaje;Výdaje na nákup vody, paliv a energie;15000.00;15000.00;6527.58
2026;6;00282618;3;3723;Sběr a svoz ostatních odpadů jiných než nebezpečných a komunálních;Služby pro fyzické osoby;Ochrana životního prostředí;5162;Služby elektronických komunikací;Výdaje;Běžné výdaje;Výdaje na neinvestiční nákupy a související výdaje;Výdaje na nákup služeb;6000.00;6000.00;2785.48
2026;6;00282618;3;3723;Sběr a svoz ostatních odpadů jiných než nebezpečných a komunálních;Služby pro fyzické osoby;Ochrana životního prostředí;5163;Služby peněžních ústavů;Výdaje;Běžné výdaje;Výdaje na neinvestiční nákupy a související výdaje;Výdaje na nákup služeb;30000.00;30000.00;17770.00
2026;6;00282618;3;3723;Sběr a svoz ostatních odpadů jiných než nebezpečných a komunálních;Služby pro fyzické osoby;Ochrana životního prostředí;5164;Nájemné;Výdaje;Běžné výdaje;Výdaje na neinvestiční nákupy a související výdaje;Výdaje na nákup služeb;500.00;500.00;484.00
2026;6;00282618;3;3723;Sběr a svoz ostatních odpadů jiných než nebezpečných a komunálních;Služby pro fyzické osoby;Ochrana životního prostředí;5169;Nákup ostatních služeb;Výdaje;Běžné výdaje;Výdaje na neinvestiční nákupy a související výdaje;Výdaje na nákup služeb;1510000.00;3010000.00;1267107.56
2026;6;00282618;3;3723;Sběr a svoz ostatních odpadů jiných než nebezpečných a komunálních;Služby pro fyzické osoby;Ochrana životního prostředí;5171;Opravy a udržování;Výdaje;Běžné výdaje;Výdaje na neinvestiční nákupy a související výdaje;Výdaje na ostatní nákupy;9500.00;9500.00;0.00
2026;6;00282618;3;3725;Využívání a zneškodňování komunálních odpadů;Služby pro fyzické osoby;Ochrana životního prostředí;5139;Nákup materiálu jinde nezařazený;Výdaje;Běžné výdaje;Výdaje na neinvestiční nákupy a související výdaje;Výdaje na nákup materiálu;0.00;550000.00;545789.38
2026;6;00282618;3;3725;Využívání a zneškodňování komunálních odpadů;Služby pro fyzické osoby;Ochrana životního prostředí;5169;Nákup ostatních služeb;Výdaje;Běžné výdaje;Výdaje na neinvestiční nákupy a související výdaje;Výdaje na nákup služeb;0.00;48400.00;0.00
2026;6;00282618;3;3745;Péče o vzhled obcí a veřejnou zeleň;Služby pro fyzické osoby;Ochrana životního prostředí;5011;Platy zaměstnanců v pracovním poměru vyjma zaměstnanců na služebních místech;Výdaje;Běžné výdaje;Výdaje na platy a obdobné a související výdaje;Platy;1947000.00;1947000.00;1408603.00
2026;6;00282618;3;3745;Péče o vzhled obcí a veřejnou zeleň;Služby pro fyzické osoby;Ochrana životního prostředí;5021;Ostatní osobní výdaje;Výdaje;Běžné výdaje;Výdaje na platy a obdobné a související výdaje;Výdaje na ostatní platby za provedenou práci;200000.00;200000.00;20063.00
2026;6;00282618;3;3745;Péče o vzhled obcí a veřejnou zeleň;Služby pro fyzické osoby;Ochrana životního prostředí;5031;Povinné pojistné na sociální zabezpečení a příspěvek na státní politiku zaměstnanosti;Výdaje;Běžné výdaje;Výdaje na platy a obdobné a související výdaje;Povinné a zákonné pojistné placené zaměstnavatelem;560000.00;560000.00;345680.58
2026;6;00282618;3;3745;Péče o vzhled obcí a veřejnou zeleň;Služby pro fyzické osoby;Ochrana životního prostředí;5032;Povinné pojistné na veřejné zdravotní pojištění;Výdaje;Běžné výdaje;Výdaje na platy a obdobné a související výdaje;Povinné a zákonné pojistné placené zaměstnavatelem;205000.00;205000.00;125448.00
2026;6;00282618;3;3745;Péče o vzhled obcí a veřejnou zeleň;Služby pro fyzické osoby;Ochrana životního prostředí;5131;Potraviny;Výdaje;Běžné výdaje;Výdaje na neinvestiční nákupy a související výdaje;Výdaje na nákup materiálu;4000.00;4000.00;955.00
2026;6;00282618;3;3745;Péče o vzhled obcí a veřejnou zeleň;Služby pro fyzické osoby;Ochrana životního prostředí;5134;Prádlo, oděv a obuv s výjimkou ochranných pomůcek;Výdaje;Běžné výdaje;Výdaje na neinvestiční nákupy a související výdaje;Výdaje na nákup materiálu;33000.00;33000.00;15409.59
2026;6;00282618;3;3745;Péče o vzhled obcí a veřejnou zeleň;Služby pro fyzické osoby;Ochrana životního prostředí;5137;Drobný dlouhodobý hmotný majetek;Výdaje;Běžné výdaje;Výdaje na neinvestiční nákupy a související výdaje;Výdaje na nákup materiálu;30000.00;40000.00;30436.00
2026;6;00282618;3;3745;Péče o vzhled obcí a veřejnou zeleň;Služby pro fyzické osoby;Ochrana životního prostředí;5139;Nákup materiálu jinde nezařazený;Výdaje;Běžné výdaje;Výdaje na neinvestiční nákupy a související výdaje;Výdaje na nákup materiálu;140000.00;140000.00;61680.30
2026;6;00282618;3;3745;Péče o vzhled obcí a veřejnou zeleň;Služby pro fyzické osoby;Ochrana životního prostředí;5156;Pohonné hmoty a maziva;Výdaje;Běžné výdaje;Výdaje na neinvestiční nákupy a související výdaje;Výdaje na nákup vody, paliv a energie;130000.00;130000.00;82684.50
2026;6;00282618;3;3745;Péče o vzhled obcí a veřejnou zeleň;Služby pro fyzické osoby;Ochrana životního prostředí;5163;Služby peněžních ústavů;Výdaje;Běžné výdaje;Výdaje na neinvestiční nákupy a související výdaje;Výdaje na nákup služeb;8000.00;53000.00;47253.00
2026;6;00282618;3;3745;Péče o vzhled obcí a veřejnou zeleň;Služby pro fyzické osoby;Ochrana životního prostředí;5167;Služby školení a vzdělávání;Výdaje;Běžné výdaje;Výdaje na neinvestiční nákupy a související výdaje;Výdaje na nákup služeb;3000.00;3000.00;0.00
2026;6;00282618;3;3745;Péče o vzhled obcí a veřejnou zeleň;Služby pro fyzické osoby;Ochrana životního prostředí;5169;Nákup ostatních služeb;Výdaje;Běžné výdaje;Výdaje na neinvestiční nákupy a související výdaje;Výdaje na nákup služeb;580000.00;710000.00;140112.48
2026;6;00282618;3;3745;Péče o vzhled obcí a veřejnou zeleň;Služby pro fyzické osoby;Ochrana životního prostředí;5171;Opravy a udržování;Výdaje;Běžné výdaje;Výdaje na neinvestiční nákupy a související výdaje;Výdaje na ostatní nákupy;20000.00;266600.00;243949.65
2026;6;00282618;3;3745;Péče o vzhled obcí a veřejnou zeleň;Služby pro fyzické osoby;Ochrana životního prostředí;5499;Ostatní neinvestiční transfery fyzickým osobám;Výdaje;Běžné výdaje;Neinvestiční transfery a některé náhrady fyzickým osobám;Ostatní neinvestiční transfery fyzickým osobám;140000.00;140000.00;68800.00
2026;6;00282618;3;3900;Ostatní činnosti související se službami pro fyzické osoby;Služby pro fyzické osoby;Ostatní činnosti související se službami pro fyzické osoby;5492;Dary fyzickým osobám;Výdaje;Běžné výdaje;Neinvestiční transfery a některé náhrady fyzickým osobám;Ostatní neinvestiční transfery fyzickým osobám;59000.00;59000.00;4000.00
2026;6;00282618;3;4351;Osobní asistence, pečovatelská služba a podpora samostatného bydlení;Sociální věci a politika zaměstnanosti;Sociální služby a společné činnosti v sociálním zabezpečení a politice zaměstnanosti;5222;Neinvestiční transfery spolkům;Výdaje;Běžné výdaje;Neinvestiční transfery soukromoprávním osobám;Neinvestiční transfery neziskovým a podobným osobám;38000.00;38000.00;38000.00
2026;6;00282618;3;4357;Domovy pro osoby se zdravotním postižením a domovy se zvláštním režimem;Sociální věci a politika zaměstnanosti;Sociální služby a společné činnosti v sociálním zabezpečení a politice zaměstnanosti;5011;Platy zaměstnanců v pracovním poměru vyjma zaměstnanců na služebních místech;Výdaje;Běžné výdaje;Výdaje na platy a obdobné a související výdaje;Platy;921000.00;921000.00;361049.00
2026;6;00282618;3;4357;Domovy pro osoby se zdravotním postižením a domovy se zvláštním režimem;Sociální věci a politika zaměstnanosti;Sociální služby a společné činnosti v sociálním zabezpečení a politice zaměstnanosti;5021;Ostatní osobní výdaje;Výdaje;Běžné výdaje;Výdaje na platy a obdobné a související výdaje;Výdaje na ostatní platby za provedenou práci;64000.00;64000.00;25290.00
2026;6;00282618;3;4357;Domovy pro osoby se zdravotním postižením a domovy se zvláštním režimem;Sociální věci a politika zaměstnanosti;Sociální služby a společné činnosti v sociálním zabezpečení a politice zaměstnanosti;5031;Povinné pojistné na sociální zabezpečení a příspěvek na státní politiku zaměstnanosti;Výdaje;Běžné výdaje;Výdaje na platy a obdobné a související výdaje;Povinné a zákonné pojistné placené zaměstnavatelem;180000.00;180000.00;85515.95
2026;6;00282618;3;4357;Domovy pro osoby se zdravotním postižením a domovy se zvláštním režimem;Sociální věci a politika zaměstnanosti;Sociální služby a společné činnosti v sociálním zabezpečení a politice zaměstnanosti;5032;Povinné pojistné na veřejné zdravotní pojištění;Výdaje;Běžné výdaje;Výdaje na platy a obdobné a související výdaje;Povinné a zákonné pojistné placené zaměstnavatelem;70000.00;70000.00;32497.00
2026;6;00282618;3;4357;Domovy pro osoby se zdravotním postižením a domovy se zvláštním režimem;Sociální věci a politika zaměstnanosti;Sociální služby a společné činnosti v sociálním zabezpečení a politice zaměstnanosti;5133;Léky a zdravotnický materiál;Výdaje;Běžné výdaje;Výdaje na neinvestiční nákupy a související výdaje;Výdaje na nákup materiálu;1000.00;1000.00;0.00
2026;6;00282618;3;4357;Domovy pro osoby se zdravotním postižením a domovy se zvláštním režimem;Sociální věci a politika zaměstnanosti;Sociální služby a společné činnosti v sociálním zabezpečení a politice zaměstnanosti;5134;Prádlo, oděv a obuv s výjimkou ochranných pomůcek;Výdaje;Běžné výdaje;Výdaje na neinvestiční nákupy a související výdaje;Výdaje na nákup materiálu;8000.00;8000.00;0.00
2026;6;00282618;3;4357;Domovy pro osoby se zdravotním postižením a domovy se zvláštním režimem;Sociální věci a politika zaměstnanosti;Sociální služby a společné činnosti v sociálním zabezpečení a politice zaměstnanosti;5137;Drobný dlouhodobý hmotný majetek;Výdaje;Běžné výdaje;Výdaje na neinvestiční nákupy a související výdaje;Výdaje na nákup materiálu;10000.00;10000.00;0.00
2026;6;00282618;3;4357;Domovy pro osoby se zdravotním postižením a domovy se zvláštním režimem;Sociální věci a politika zaměstnanosti;Sociální služby a společné činnosti v sociálním zabezpečení a politice zaměstnanosti;5139;Nákup materiálu jinde nezařazený;Výdaje;Běžné výdaje;Výdaje na neinvestiční nákupy a související výdaje;Výdaje na nákup materiálu;50000.00;50000.00;5729.80
2026;6;00282618;3;4357;Domovy pro osoby se zdravotním postižením a domovy se zvláštním režimem;Sociální věci a politika zaměstnanosti;Sociální služby a společné činnosti v sociálním zabezpečení a politice zaměstnanosti;5151;Studená voda včetně stočného a úplaty za odvod dešťových vod;Výdaje;Běžné výdaje;Výdaje na neinvestiční nákupy a související výdaje;Výdaje na nákup vody, paliv a energie;90000.00;90000.00;52419.00
2026;6;00282618;3;4357;Domovy pro osoby se zdravotním postižením a domovy se zvláštním režimem;Sociální věci a politika zaměstnanosti;Sociální služby a společné činnosti v sociálním zabezpečení a politice zaměstnanosti;5153;Plyn;Výdaje;Běžné výdaje;Výdaje na neinvestiční nákupy a související výdaje;Výdaje na nákup vody, paliv a energie;300000.00;300000.00;150267.64
2026;6;00282618;3;4357;Domovy pro osoby se zdravotním postižením a domovy se zvláštním režimem;Sociální věci a politika zaměstnanosti;Sociální služby a společné činnosti v sociálním zabezpečení a politice zaměstnanosti;5154;Elektrická energie;Výdaje;Běžné výdaje;Výdaje na neinvestiční nákupy a související výdaje;Výdaje na nákup vody, paliv a energie;79000.00;86300.00;42202.00
2026;6;00282618;3;4357;Domovy pro osoby se zdravotním postižením a domovy se zvláštním režimem;Sociální věci a politika zaměstnanosti;Sociální služby a společné činnosti v sociálním zabezpečení a politice zaměstnanosti;5156;Pohonné hmoty a maziva;Výdaje;Běžné výdaje;Výdaje na neinvestiční nákupy a související výdaje;Výdaje na nákup vody, paliv a energie;2000.00;2000.00;0.00
2026;6;00282618;3;4357;Domovy pro osoby se zdravotním postižením a domovy se zvláštním režimem;Sociální věci a politika zaměstnanosti;Sociální služby a společné činnosti v sociálním zabezpečení a politice zaměstnanosti;5162;Služby elektronických komunikací;Výdaje;Běžné výdaje;Výdaje na neinvestiční nákupy a související výdaje;Výdaje na nákup služeb;15000.00;15000.00;5987.70
2026;6;00282618;3;4357;Domovy pro osoby se zdravotním postižením a domovy se zvláštním režimem;Sociální věci a politika zaměstnanosti;Sociální služby a společné činnosti v sociálním zabezpečení a politice zaměstnanosti;5169;Nákup ostatních služeb;Výdaje;Běžné výdaje;Výdaje na neinvestiční nákupy a související výdaje;Výdaje na nákup služeb;70000.00;70000.00;19832.43
2026;6;00282618;3;4357;Domovy pro osoby se zdravotním postižením a domovy se zvláštním režimem;Sociální věci a politika zaměstnanosti;Sociální služby a společné činnosti v sociálním zabezpečení a politice zaměstnanosti;5171;Opravy a udržování;Výdaje;Běžné výdaje;Výdaje na neinvestiční nákupy a související výdaje;Výdaje na ostatní nákupy;190000.00;306600.00;174043.63
2026;6;00282618;3;4357;Domovy pro osoby se zdravotním postižením a domovy se zvláštním režimem;Sociální věci a politika zaměstnanosti;Sociální služby a společné činnosti v sociálním zabezpečení a politice zaměstnanosti;5194;Výdaje na věcné dary;Výdaje;Běžné výdaje;Výdaje na neinvestiční nákupy a související výdaje;Výdaje související s neinvestičními nákupy, příspěvky, náhrady a výdaje na věcné dary;5000.00;5000.00;2047.00
2026;6;00282618;3;4357;Domovy pro osoby se zdravotním postižením a domovy se zvláštním režimem;Sociální věci a politika zaměstnanosti;Sociální služby a společné činnosti v sociálním zabezpečení a politice zaměstnanosti;5499;Ostatní neinvestiční transfery fyzickým osobám;Výdaje;Běžné výdaje;Neinvestiční transfery a některé náhrady fyzickým osobám;Ostatní neinvestiční transfery fyzickým osobám;80000.00;80000.00;0.00
2026;6;00282618;3;4357;Domovy pro osoby se zdravotním postižením a domovy se zvláštním režimem;Sociální věci a politika zaměstnanosti;Sociální služby a společné činnosti v sociálním zabezpečení a politice zaměstnanosti;5909;Ostatní neinvestiční výdaje jinde nezařazené;Výdaje;Běžné výdaje;Ostatní neinvestiční výdaje;Ostatní neinvestiční výdaje;65000.00;65000.00;50100.27
2026;6;00282618;3;4359;Ostatní služby a činnosti v oblasti sociální péče;Sociální věci a politika zaměstnanosti;Sociální služby a společné činnosti v sociálním zabezpečení a politice zaměstnanosti;5011;Platy zaměstnanců v pracovním poměru vyjma zaměstnanců na služebních místech;Výdaje;Běžné výdaje;Výdaje na platy a obdobné a související výdaje;Platy;335000.00;335000.00;183621.00
2026;6;00282618;3;4359;Ostatní služby a činnosti v oblasti sociální péče;Sociální věci a politika zaměstnanosti;Sociální služby a společné činnosti v sociálním zabezpečení a politice zaměstnanosti;5021;Ostatní osobní výdaje;Výdaje;Běžné výdaje;Výdaje na platy a obdobné a související výdaje;Výdaje na ostatní platby za provedenou práci;25000.00;90000.00;50490.00
2026;6;00282618;3;4359;Ostatní služby a činnosti v oblasti sociální péče;Sociální věci a politika zaměstnanosti;Sociální služby a společné činnosti v sociálním zabezpečení a politice zaměstnanosti;5031;Povinné pojistné na sociální zabezpečení a příspěvek na státní politiku zaměstnanosti;Výdaje;Běžné výdaje;Výdaje na platy a obdobné a související výdaje;Povinné a zákonné pojistné placené zaměstnavatelem;80000.00;80000.00;41548.42
2026;6;00282618;3;4359;Ostatní služby a činnosti v oblasti sociální péče;Sociální věci a politika zaměstnanosti;Sociální služby a společné činnosti v sociálním zabezpečení a politice zaměstnanosti;5032;Povinné pojistné na veřejné zdravotní pojištění;Výdaje;Běžné výdaje;Výdaje na platy a obdobné a související výdaje;Povinné a zákonné pojistné placené zaměstnavatelem;36000.00;36000.00;16527.00
2026;6;00282618;3;4359;Ostatní služby a činnosti v oblasti sociální péče;Sociální věci a politika zaměstnanosti;Sociální služby a společné činnosti v sociálním zabezpečení a politice zaměstnanosti;5132;Ochranné pomůcky;Výdaje;Běžné výdaje;Výdaje na neinvestiční nákupy a související výdaje;Výdaje na nákup materiálu;1000.00;1000.00;0.00
2026;6;00282618;3;4359;Ostatní služby a činnosti v oblasti sociální péče;Sociální věci a politika zaměstnanosti;Sociální služby a společné činnosti v sociálním zabezpečení a politice zaměstnanosti;5138;Nákup zboží za účelem dalšího prodeje;Výdaje;Běžné výdaje;Výdaje na neinvestiční nákupy a související výdaje;Výdaje na nákup materiálu;1700000.00;1700000.00;924290.00
2026;6;00282618;3;4359;Ostatní služby a činnosti v oblasti sociální péče;Sociální věci a politika zaměstnanosti;Sociální služby a společné činnosti v sociálním zabezpečení a politice zaměstnanosti;5139;Nákup materiálu jinde nezařazený;Výdaje;Běžné výdaje;Výdaje na neinvestiční nákupy a související výdaje;Výdaje na nákup materiálu;35000.00;35000.00;15255.00
2026;6;00282618;3;4359;Ostatní služby a činnosti v oblasti sociální péče;Sociální věci a politika zaměstnanosti;Sociální služby a společné činnosti v sociálním zabezpečení a politice zaměstnanosti;5156;Pohonné hmoty a maziva;Výdaje;Běžné výdaje;Výdaje na neinvestiční nákupy a související výdaje;Výdaje na nákup vody, paliv a energie;18000.00;18000.00;6593.00
2026;6;00282618;3;4359;Ostatní služby a činnosti v oblasti sociální péče;Sociální věci a politika zaměstnanosti;Sociální služby a společné činnosti v sociálním zabezpečení a politice zaměstnanosti;5163;Služby peněžních ústavů;Výdaje;Běžné výdaje;Výdaje na neinvestiční nákupy a související výdaje;Výdaje na nákup služeb;11000.00;11000.00;8620.00
2026;6;00282618;3;4359;Ostatní služby a činnosti v oblasti sociální péče;Sociální věci a politika zaměstnanosti;Sociální služby a společné činnosti v sociálním zabezpečení a politice zaměstnanosti;5169;Nákup ostatních služeb;Výdaje;Běžné výdaje;Výdaje na neinvestiční nákupy a související výdaje;Výdaje na nákup služeb;240000.00;240000.00;136283.20
2026;6;00282618;3;4359;Ostatní služby a činnosti v oblasti sociální péče;Sociální věci a politika zaměstnanosti;Sociální služby a společné činnosti v sociálním zabezpečení a politice zaměstnanosti;5175;Pohoštění;Výdaje;Běžné výdaje;Výdaje na neinvestiční nákupy a související výdaje;Výdaje na ostatní nákupy;70000.00;70000.00;10341.00
2026;6;00282618;3;4359;Ostatní služby a činnosti v oblasti sociální péče;Sociální věci a politika zaměstnanosti;Sociální služby a společné činnosti v sociálním zabezpečení a politice zaměstnanosti;5194;Výdaje na věcné dary;Výdaje;Běžné výdaje;Výdaje na neinvestiční nákupy a související výdaje;Výdaje související s neinvestičními nákupy, příspěvky, náhrady a výdaje na věcné dary;14000.00;14000.00;1110.00
2026;6;00282618;3;4359;Ostatní služby a činnosti v oblasti sociální péče;Sociální věci a politika zaměstnanosti;Sociální služby a společné činnosti v sociálním zabezpečení a politice zaměstnanosti;5222;Neinvestiční transfery spolkům;Výdaje;Běžné výdaje;Neinvestiční transfery soukromoprávním osobám;Neinvestiční transfery neziskovým a podobným osobám;132800.00;132800.00;132780.00
2026;6;00282618;3;4359;Ostatní služby a činnosti v oblasti sociální péče;Sociální věci a politika zaměstnanosti;Sociální služby a společné činnosti v sociálním zabezpečení a politice zaměstnanosti;5499;Ostatní neinvestiční transfery fyzickým osobám;Výdaje;Běžné výdaje;Neinvestiční transfery a některé náhrady fyzickým osobám;Ostatní neinvestiční transfery fyzickým osobám;35000.00;35000.00;0.00
2026;6;00282618;3;4379;Ostatní služby a činnosti v oblasti sociální prevence;Sociální věci a politika zaměstnanosti;Sociální služby a společné činnosti v sociálním zabezpečení a politice zaměstnanosti;5222;Neinvestiční transfery spolkům;Výdaje;Běžné výdaje;Neinvestiční transfery soukromoprávním osobám;Neinvestiční transfery neziskovým a podobným osobám;10000.00;10000.00;10000.00
2026;6;00282618;3;5213;Krizová opatření;Bezpečnost státu a právní ochrana;Civilní připravenost na krizové stavy;5903;Rezerva na krizová opatření;Výdaje;Běžné výdaje;Ostatní neinvestiční výdaje;Ostatní neinvestiční výdaje;300000.00;300000.00;0.00
2026;6;00282618;3;5311;Bezpečnost a veřejný pořádek;Bezpečnost státu a právní ochrana;Bezpečnost a veřejný pořádek;5169;Nákup ostatních služeb;Výdaje;Běžné výdaje;Výdaje na neinvestiční nákupy a související výdaje;Výdaje na nákup služeb;1000000.00;1000000.00;0.00
2026;6;00282618;3;5512;Požární ochrana - dobrovolná část;Bezpečnost státu a právní ochrana;Požární ochrana a integrovaný záchranný systém;5019;Ostatní platy;Výdaje;Běžné výdaje;Výdaje na platy a obdobné a související výdaje;Platy;0.00;3900.00;3802.00
2026;6;00282618;3;5512;Požární ochrana - dobrovolná část;Bezpečnost státu a právní ochrana;Požární ochrana a integrovaný záchranný systém;5039;Ostatní povinné pojistné placené zaměstnavatelem;Výdaje;Běžné výdaje;Výdaje na platy a obdobné a související výdaje;Povinné a zákonné pojistné placené zaměstnavatelem;0.00;1300.00;1286.00
2026;6;00282618;3;5512;Požární ochrana - dobrovolná část;Bezpečnost státu a právní ochrana;Požární ochrana a integrovaný záchranný systém;5132;Ochranné pomůcky;Výdaje;Běžné výdaje;Výdaje na neinvestiční nákupy a související výdaje;Výdaje na nákup materiálu;5000.00;5000.00;0.00
2026;6;00282618;3;5512;Požární ochrana - dobrovolná část;Bezpečnost státu a právní ochrana;Požární ochrana a integrovaný záchranný systém;5133;Léky a zdravotnický materiál;Výdaje;Běžné výdaje;Výdaje na neinvestiční nákupy a související výdaje;Výdaje na nákup materiálu;3000.00;3000.00;0.00
2026;6;00282618;3;5512;Požární ochrana - dobrovolná část;Bezpečnost státu a právní ochrana;Požární ochrana a integrovaný záchranný systém;5137;Drobný dlouhodobý hmotný majetek;Výdaje;Běžné výdaje;Výdaje na neinvestiční nákupy a související výdaje;Výdaje na nákup materiálu;120000.00;120000.00;45931.72
2026;6;00282618;3;5512;Požární ochrana - dobrovolná část;Bezpečnost státu a právní ochrana;Požární ochrana a integrovaný záchranný systém;5139;Nákup materiálu jinde nezařazený;Výdaje;Běžné výdaje;Výdaje na neinvestiční nákupy a související výdaje;Výdaje na nákup materiálu;120000.00;120000.00;28039.07
2026;6;00282618;3;5512;Požární ochrana - dobrovolná část;Bezpečnost státu a právní ochrana;Požární ochrana a integrovaný záchranný systém;5151;Studená voda včetně stočného a úplaty za odvod dešťových vod;Výdaje;Běžné výdaje;Výdaje na neinvestiční nákupy a související výdaje;Výdaje na nákup vody, paliv a energie;15000.00;15000.00;4200.00
2026;6;00282618;3;5512;Požární ochrana - dobrovolná část;Bezpečnost státu a právní ochrana;Požární ochrana a integrovaný záchranný systém;5153;Plyn;Výdaje;Běžné výdaje;Výdaje na neinvestiční nákupy a související výdaje;Výdaje na nákup vody, paliv a energie;95000.00;95000.00;47156.93
2026;6;00282618;3;5512;Požární ochrana - dobrovolná část;Bezpečnost státu a právní ochrana;Požární ochrana a integrovaný záchranný systém;5154;Elektrická energie;Výdaje;Běžné výdaje;Výdaje na neinvestiční nákupy a související výdaje;Výdaje na nákup vody, paliv a energie;90000.00;90000.00;29789.30
2026;6;00282618;3;5512;Požární ochrana - dobrovolná část;Bezpečnost státu a právní ochrana;Požární ochrana a integrovaný záchranný systém;5156;Pohonné hmoty a maziva;Výdaje;Běžné výdaje;Výdaje na neinvestiční nákupy a související výdaje;Výdaje na nákup vody, paliv a energie;66000.00;66000.00;0.00
2026;6;00282618;3;5512;Požární ochrana - dobrovolná část;Bezpečnost státu a právní ochrana;Požární ochrana a integrovaný záchranný systém;5162;Služby elektronických komunikací;Výdaje;Běžné výdaje;Výdaje na neinvestiční nákupy a související výdaje;Výdaje na nákup služeb;3000.00;3000.00;0.00
2026;6;00282618;3;5512;Požární ochrana - dobrovolná část;Bezpečnost státu a právní ochrana;Požární ochrana a integrovaný záchranný systém;5163;Služby peněžních ústavů;Výdaje;Běžné výdaje;Výdaje na neinvestiční nákupy a související výdaje;Výdaje na nákup služeb;145000.00;145000.00;29240.00
2026;6;00282618;3;5512;Požární ochrana - dobrovolná část;Bezpečnost státu a právní ochrana;Požární ochrana a integrovaný záchranný systém;5167;Služby školení a vzdělávání;Výdaje;Běžné výdaje;Výdaje na neinvestiční nákupy a související výdaje;Výdaje na nákup služeb;25000.00;25000.00;880.00
2026;6;00282618;3;5512;Požární ochrana - dobrovolná část;Bezpečnost státu a právní ochrana;Požární ochrana a integrovaný záchranný systém;5169;Nákup ostatních služeb;Výdaje;Běžné výdaje;Výdaje na neinvestiční nákupy a související výdaje;Výdaje na nákup služeb;70000.00;70000.00;7702.00
2026;6;00282618;3;5512;Požární ochrana - dobrovolná část;Bezpečnost státu a právní ochrana;Požární ochrana a integrovaný záchranný systém;5171;Opravy a udržování;Výdaje;Běžné výdaje;Výdaje na neinvestiční nákupy a související výdaje;Výdaje na ostatní nákupy;130000.00;130000.00;0.00
2026;6;00282618;3;5512;Požární ochrana - dobrovolná část;Bezpečnost státu a právní ochrana;Požární ochrana a integrovaný záchranný systém;5175;Pohoštění;Výdaje;Běžné výdaje;Výdaje na neinvestiční nákupy a související výdaje;Výdaje na ostatní nákupy;1000.00;1000.00;600.00
2026;6;00282618;3;5512;Požární ochrana - dobrovolná část;Bezpečnost státu a právní ochrana;Požární ochrana a integrovaný záchranný systém;5222;Neinvestiční transfery spolkům;Výdaje;Běžné výdaje;Neinvestiční transfery soukromoprávním osobám;Neinvestiční transfery neziskovým a podobným osobám;450000.00;450000.00;450000.00
2026;6;00282618;3;5512;Požární ochrana - dobrovolná část;Bezpečnost státu a právní ochrana;Požární ochrana a integrovaný záchranný systém;5499;Ostatní neinvestiční transfery fyzickým osobám;Výdaje;Běžné výdaje;Neinvestiční transfery a některé náhrady fyzickým osobám;Ostatní neinvestiční transfery fyzickým osobám;12000.00;12000.00;0.00
2026;6;00282618;3;6112;Zastupitelstva obcí;Všeobecná veřejná správa a služby;Státní moc, státní správa, územní samospráva a politické strany;5023;Odměny členů zastupitelstev obcí a krajů;Výdaje;Běžné výdaje;Výdaje na platy a obdobné a související výdaje;Výdaje na ostatní platby za provedenou práci;2623500.00;2623500.00;1466644.00
2026;6;00282618;3;6112;Zastupitelstva obcí;Všeobecná veřejná správa a služby;Státní moc, státní správa, územní samospráva a politické strany;5031;Povinné pojistné na sociální zabezpečení a příspěvek na státní politiku zaměstnanosti;Výdaje;Běžné výdaje;Výdaje na platy a obdobné a související výdaje;Povinné a zákonné pojistné placené zaměstnavatelem;500000.00;500000.00;249341.09
2026;6;00282618;3;6112;Zastupitelstva obcí;Všeobecná veřejná správa a služby;Státní moc, státní správa, územní samospráva a politické strany;5032;Povinné pojistné na veřejné zdravotní pojištění;Výdaje;Běžné výdaje;Výdaje na platy a obdobné a související výdaje;Povinné a zákonné pojistné placené zaměstnavatelem;280000.00;280000.00;132182.00
2026;6;00282618;3;6112;Zastupitelstva obcí;Všeobecná veřejná správa a služby;Státní moc, státní správa, územní samospráva a politické strany;5173;Cestovné;Výdaje;Běžné výdaje;Výdaje na neinvestiční nákupy a související výdaje;Výdaje na ostatní nákupy;36000.00;36000.00;19627.00
2026;6;00282618;3;6112;Zastupitelstva obcí;Všeobecná veřejná správa a služby;Státní moc, státní správa, územní samospráva a politické strany;5175;Pohoštění;Výdaje;Běžné výdaje;Výdaje na neinvestiční nákupy a související výdaje;Výdaje na ostatní nákupy;1500.00;1500.00;464.00
2026;6;00282618;3;6112;Zastupitelstva obcí;Všeobecná veřejná správa a služby;Státní moc, státní správa, územní samospráva a politické strany;5179;Ostatní nákupy jinde nezařazené;Výdaje;Běžné výdaje;Výdaje na neinvestiční nákupy a související výdaje;Výdaje na ostatní nákupy;4000.00;4000.00;2100.00
2026;6;00282618;3;6112;Zastupitelstva obcí;Všeobecná veřejná správa a služby;Státní moc, státní správa, územní samospráva a politické strany;5499;Ostatní neinvestiční transfery fyzickým osobám;Výdaje;Běžné výdaje;Neinvestiční transfery a některé náhrady fyzickým osobám;Ostatní neinvestiční transfery fyzickým osobám;55000.00;55000.00;16000.00
2026;6;00282618;3;6115;Volby do zastupitelstev územních samosprávných celků;Všeobecná veřejná správa a služby;Státní moc, státní správa, územní samospráva a politické strany;5021;Ostatní osobní výdaje;Výdaje;Běžné výdaje;Výdaje na platy a obdobné a související výdaje;Výdaje na ostatní platby za provedenou práci;56700.00;56700.00;0.00
2026;6;00282618;3;6115;Volby do zastupitelstev územních samosprávných celků;Všeobecná veřejná správa a služby;Státní moc, státní správa, územní samospráva a politické strany;5139;Nákup materiálu jinde nezařazený;Výdaje;Běžné výdaje;Výdaje na neinvestiční nákupy a související výdaje;Výdaje na nákup materiálu;3500.00;3500.00;0.00
2026;6;00282618;3;6115;Volby do zastupitelstev územních samosprávných celků;Všeobecná veřejná správa a služby;Státní moc, státní správa, územní samospráva a politické strany;5161;Poštovní služby;Výdaje;Běžné výdaje;Výdaje na neinvestiční nákupy a související výdaje;Výdaje na nákup služeb;2500.00;2500.00;0.00
2026;6;00282618;3;6115;Volby do zastupitelstev územních samosprávných celků;Všeobecná veřejná správa a služby;Státní moc, státní správa, územní samospráva a politické strany;5169;Nákup ostatních služeb;Výdaje;Běžné výdaje;Výdaje na neinvestiční nákupy a související výdaje;Výdaje na nákup služeb;2500.00;2500.00;0.00
2026;6;00282618;3;6115;Volby do zastupitelstev územních samosprávných celků;Všeobecná veřejná správa a služby;Státní moc, státní správa, územní samospráva a politické strany;5173;Cestovné;Výdaje;Běžné výdaje;Výdaje na neinvestiční nákupy a související výdaje;Výdaje na ostatní nákupy;800.00;800.00;0.00
2026;6;00282618;3;6115;Volby do zastupitelstev územních samosprávných celků;Všeobecná veřejná správa a služby;Státní moc, státní správa, územní samospráva a politické strany;5175;Pohoštění;Výdaje;Běžné výdaje;Výdaje na neinvestiční nákupy a související výdaje;Výdaje na ostatní nákupy;4000.00;4000.00;0.00
2026;6;00282618;3;6171;Činnost místní správy;Všeobecná veřejná správa a služby;Státní moc, státní správa, územní samospráva a politické strany;5011;Platy zaměstnanců v pracovním poměru vyjma zaměstnanců na služebních místech;Výdaje;Běžné výdaje;Výdaje na platy a obdobné a související výdaje;Platy;6200000.00;6200000.00;2995233.96
2026;6;00282618;3;6171;Činnost místní správy;Všeobecná veřejná správa a služby;Státní moc, státní správa, územní samospráva a politické strany;5021;Ostatní osobní výdaje;Výdaje;Běžné výdaje;Výdaje na platy a obdobné a související výdaje;Výdaje na ostatní platby za provedenou práci;150000.00;150000.00;52260.00
2026;6;00282618;3;6171;Činnost místní správy;Všeobecná veřejná správa a služby;Státní moc, státní správa, územní samospráva a politické strany;5031;Povinné pojistné na sociální zabezpečení a příspěvek na státní politiku zaměstnanosti;Výdaje;Běžné výdaje;Výdaje na platy a obdobné a související výdaje;Povinné a zákonné pojistné placené zaměstnavatelem;1600000.00;1600000.00;746816.95
2026;6;00282618;3;6171;Činnost místní správy;Všeobecná veřejná správa a služby;Státní moc, státní správa, územní samospráva a politické strany;5032;Povinné pojistné na veřejné zdravotní pojištění;Výdaje;Běžné výdaje;Výdaje na platy a obdobné a související výdaje;Povinné a zákonné pojistné placené zaměstnavatelem;580000.00;580000.00;271024.00
2026;6;00282618;3;6171;Činnost místní správy;Všeobecná veřejná správa a služby;Státní moc, státní správa, územní samospráva a politické strany;5038;Pojistné na zákonné pojištění odpovědnosti zaměstnavatele za škodu při pracovním úrazu nebo nemoci z povolání;Výdaje;Běžné výdaje;Výdaje na platy a obdobné a související výdaje;Povinné a zákonné pojistné placené zaměstnavatelem;45000.00;45000.00;23892.00
2026;6;00282618;3;6171;Činnost místní správy;Všeobecná veřejná správa a služby;Státní moc, státní správa, územní samospráva a politické strany;5042;Odměny za užití počítačových programů;Výdaje;Běžné výdaje;Výdaje na platy a obdobné a související výdaje;Výdaje na odměny za užití duševního vlastnictví;45000.00;45000.00;0.00
2026;6;00282618;3;6171;Činnost místní správy;Všeobecná veřejná správa a služby;Státní moc, státní správa, územní samospráva a politické strany;5131;Potraviny;Výdaje;Běžné výdaje;Výdaje na neinvestiční nákupy a související výdaje;Výdaje na nákup materiálu;24000.00;24000.00;10787.00
2026;6;00282618;3;6171;Činnost místní správy;Všeobecná veřejná správa a služby;Státní moc, státní správa, územní samospráva a politické strany;5133;Léky a zdravotnický materiál;Výdaje;Běžné výdaje;Výdaje na neinvestiční nákupy a související výdaje;Výdaje na nákup materiálu;3000.00;3000.00;0.00
2026;6;00282618;3;6171;Činnost místní správy;Všeobecná veřejná správa a služby;Státní moc, státní správa, územní samospráva a politické strany;5134;Prádlo, oděv a obuv s výjimkou ochranných pomůcek;Výdaje;Běžné výdaje;Výdaje na neinvestiční nákupy a související výdaje;Výdaje na nákup materiálu;8000.00;8000.00;7746.00
2026;6;00282618;3;6171;Činnost místní správy;Všeobecná veřejná správa a služby;Státní moc, státní správa, územní samospráva a politické strany;5136;Knihy a obdobné listinné informační prostředky;Výdaje;Běžné výdaje;Výdaje na neinvestiční nákupy a související výdaje;Výdaje na nákup materiálu;3000.00;3000.00;2649.00
2026;6;00282618;3;6171;Činnost místní správy;Všeobecná veřejná správa a služby;Státní moc, státní správa, územní samospráva a politické strany;5137;Drobný dlouhodobý hmotný majetek;Výdaje;Běžné výdaje;Výdaje na neinvestiční nákupy a související výdaje;Výdaje na nákup materiálu;20000.00;100000.00;97879.85
2026;6;00282618;3;6171;Činnost místní správy;Všeobecná veřejná správa a služby;Státní moc, státní správa, územní samospráva a politické strany;5138;Nákup zboží za účelem dalšího prodeje;Výdaje;Běžné výdaje;Výdaje na neinvestiční nákupy a související výdaje;Výdaje na nákup materiálu;25000.00;25000.00;0.00
2026;6;00282618;3;6171;Činnost místní správy;Všeobecná veřejná správa a služby;Státní moc, státní správa, územní samospráva a politické strany;5139;Nákup materiálu jinde nezařazený;Výdaje;Běžné výdaje;Výdaje na neinvestiční nákupy a související výdaje;Výdaje na nákup materiálu;350000.00;350000.00;201330.34
2026;6;00282618;3;6171;Činnost místní správy;Všeobecná veřejná správa a služby;Státní moc, státní správa, územní samospráva a politické strany;5151;Studená voda včetně stočného a úplaty za odvod dešťových vod;Výdaje;Běžné výdaje;Výdaje na neinvestiční nákupy a související výdaje;Výdaje na nákup vody, paliv a energie;40000.00;40000.00;19800.00
2026;6;00282618;3;6171;Činnost místní správy;Všeobecná veřejná správa a služby;Státní moc, státní správa, územní samospráva a politické strany;5154;Elektrická energie;Výdaje;Běžné výdaje;Výdaje na neinvestiční nákupy a související výdaje;Výdaje na nákup vody, paliv a energie;450000.00;450000.00;185001.28
2026;6;00282618;3;6171;Činnost místní správy;Všeobecná veřejná správa a služby;Státní moc, státní správa, územní samospráva a politické strany;5161;Poštovní služby;Výdaje;Běžné výdaje;Výdaje na neinvestiční nákupy a související výdaje;Výdaje na nákup služeb;150000.00;150000.00;105367.73
2026;6;00282618;3;6171;Činnost místní správy;Všeobecná veřejná správa a služby;Státní moc, státní správa, územní samospráva a politické strany;5162;Služby elektronických komunikací;Výdaje;Běžné výdaje;Výdaje na neinvestiční nákupy a související výdaje;Výdaje na nákup služeb;111000.00;111000.00;61898.95
2026;6;00282618;3;6171;Činnost místní správy;Všeobecná veřejná správa a služby;Státní moc, státní správa, územní samospráva a politické strany;5164;Nájemné;Výdaje;Běžné výdaje;Výdaje na neinvestiční nákupy a související výdaje;Výdaje na nákup služeb;13000.00;13000.00;5662.80
2026;6;00282618;3;6171;Činnost místní správy;Všeobecná veřejná správa a služby;Státní moc, státní správa, územní samospráva a politické strany;5166;Konzultační, poradenské a právní služby;Výdaje;Běžné výdaje;Výdaje na neinvestiční nákupy a související výdaje;Výdaje na nákup služeb;500000.00;500000.00;397962.71
2026;6;00282618;3;6171;Činnost místní správy;Všeobecná veřejná správa a služby;Státní moc, státní správa, územní samospráva a politické strany;5167;Služby školení a vzdělávání;Výdaje;Běžné výdaje;Výdaje na neinvestiční nákupy a související výdaje;Výdaje na nákup služeb;60000.00;60000.00;27950.00
2026;6;00282618;3;6171;Činnost místní správy;Všeobecná veřejná správa a služby;Státní moc, státní správa, územní samospráva a politické strany;5168;Zpracování dat a služby související s informačními a komunikačními technologiemi;Výdaje;Běžné výdaje;Výdaje na neinvestiční nákupy a související výdaje;Výdaje na nákup služeb;341000.00;341000.00;172572.42
2026;6;00282618;3;6171;Činnost místní správy;Všeobecná veřejná správa a služby;Státní moc, státní správa, územní samospráva a politické strany;5169;Nákup ostatních služeb;Výdaje;Běžné výdaje;Výdaje na neinvestiční nákupy a související výdaje;Výdaje na nákup služeb;1000000.00;1000000.00;721519.63
2026;6;00282618;3;6171;Činnost místní správy;Všeobecná veřejná správa a služby;Státní moc, státní správa, územní samospráva a politické strany;5171;Opravy a udržování;Výdaje;Běžné výdaje;Výdaje na neinvestiční nákupy a související výdaje;Výdaje na ostatní nákupy;397000.00;397000.00;90038.52
2026;6;00282618;3;6171;Činnost místní správy;Všeobecná veřejná správa a služby;Státní moc, státní správa, územní samospráva a politické strany;5172;Podlimitní programové vybavení;Výdaje;Běžné výdaje;Výdaje na neinvestiční nákupy a související výdaje;Výdaje na ostatní nákupy;50000.00;58000.00;57959.00
2026;6;00282618;3;6171;Činnost místní správy;Všeobecná veřejná správa a služby;Státní moc, státní správa, územní samospráva a politické strany;5173;Cestovné;Výdaje;Běžné výdaje;Výdaje na neinvestiční nákupy a související výdaje;Výdaje na ostatní nákupy;40000.00;40000.00;19366.00
2026;6;00282618;3;6171;Činnost místní správy;Všeobecná veřejná správa a služby;Státní moc, státní správa, územní samospráva a politické strany;5175;Pohoštění;Výdaje;Běžné výdaje;Výdaje na neinvestiční nákupy a související výdaje;Výdaje na ostatní nákupy;80000.00;80000.00;29476.00
2026;6;00282618;3;6171;Činnost místní správy;Všeobecná veřejná správa a služby;Státní moc, státní správa, územní samospráva a politické strany;5179;Ostatní nákupy jinde nezařazené;Výdaje;Běžné výdaje;Výdaje na neinvestiční nákupy a související výdaje;Výdaje na ostatní nákupy;5000.00;8000.00;3300.00
2026;6;00282618;3;6171;Činnost místní správy;Všeobecná veřejná správa a služby;Státní moc, státní správa, územní samospráva a politické strany;5194;Výdaje na věcné dary;Výdaje;Běžné výdaje;Výdaje na neinvestiční nákupy a související výdaje;Výdaje související s neinvestičními nákupy, příspěvky, náhrady a výdaje na věcné dary;10000.00;10000.00;5925.00
2026;6;00282618;3;6171;Činnost místní správy;Všeobecná veřejná správa a služby;Státní moc, státní správa, územní samospráva a politické strany;5229;Ostatní neinvestiční transfery neziskovým a podobným osobám;Výdaje;Běžné výdaje;Neinvestiční transfery soukromoprávním osobám;Neinvestiční transfery neziskovým a podobným osobám;13300.00;13500.00;13493.52
2026;6;00282618;3;6171;Činnost místní správy;Všeobecná veřejná správa a služby;Státní moc, státní správa, územní samospráva a politické strany;5321;Neinvestiční transfery obcím;Výdaje;Běžné výdaje;Neinvestiční transfery veřejnoprávním osobám a mezi peněžními fondy téže osoby a platby daní;Neinvestiční transfery rozpočtům územní úrovně;30000.00;30000.00;12800.00
2026;6;00282618;3;6171;Činnost místní správy;Všeobecná veřejná správa a služby;Státní moc, státní správa, územní samospráva a politické strany;5499;Ostatní neinvestiční transfery fyzickým osobám;Výdaje;Běžné výdaje;Neinvestiční transfery a některé náhrady fyzickým osobám;Ostatní neinvestiční transfery fyzickým osobám;870000.00;870000.00;222947.04
2026;6;00282618;3;6171;Činnost místní správy;Všeobecná veřejná správa a služby;Státní moc, státní správa, územní samospráva a politické strany;6122;Stroje, přístroje a zařízení;Výdaje;Kapitálové výdaje;Investiční nákupy a související výdaje;Pořízení dlouhodobého hmotného majetku;0.00;446800.00;388997.09
2026;6;00282618;3;6171;Činnost místní správy;Všeobecná veřejná správa a služby;Státní moc, státní správa, územní samospráva a politické strany;6123;Dopravní prostředky;Výdaje;Kapitálové výdaje;Investiční nákupy a související výdaje;Pořízení dlouhodobého hmotného majetku;1690000.00;1690000.00;1671615.00
2026;6;00282618;3;6171;Činnost místní správy;Všeobecná veřejná správa a služby;Státní moc, státní správa, územní samospráva a politické strany;6901;Rezervy investičních výdajů;Výdaje;Kapitálové výdaje;Ostatní investiční výdaje;Ostatní investiční výdaje;344400.00;344400.00;0.00
2026;6;00282618;3;6223;Mezinárodní spolupráce jinde nezařazená;Všeobecná veřejná správa a služby;Jiné veřejné služby a činnosti;5139;Nákup materiálu jinde nezařazený;Výdaje;Běžné výdaje;Výdaje na neinvestiční nákupy a související výdaje;Výdaje na nákup materiálu;7600.00;7600.00;0.00
2026;6;00282618;3;6223;Mezinárodní spolupráce jinde nezařazená;Všeobecná veřejná správa a služby;Jiné veřejné služby a činnosti;5169;Nákup ostatních služeb;Výdaje;Běžné výdaje;Výdaje na neinvestiční nákupy a související výdaje;Výdaje na nákup služeb;12400.00;12400.00;0.00
2026;6;00282618;3;6223;Mezinárodní spolupráce jinde nezařazená;Všeobecná veřejná správa a služby;Jiné veřejné služby a činnosti;5173;Cestovné;Výdaje;Běžné výdaje;Výdaje na neinvestiční nákupy a související výdaje;Výdaje na ostatní nákupy;60000.00;60000.00;0.00
2026;6;00282618;3;6223;Mezinárodní spolupráce jinde nezařazená;Všeobecná veřejná správa a služby;Jiné veřejné služby a činnosti;5175;Pohoštění;Výdaje;Běžné výdaje;Výdaje na neinvestiční nákupy a související výdaje;Výdaje na ostatní nákupy;5000.00;5000.00;0.00
2026;6;00282618;3;6223;Mezinárodní spolupráce jinde nezařazená;Všeobecná veřejná správa a služby;Jiné veřejné služby a činnosti;5194;Výdaje na věcné dary;Výdaje;Běžné výdaje;Výdaje na neinvestiční nákupy a související výdaje;Výdaje související s neinvestičními nákupy, příspěvky, náhrady a výdaje na věcné dary;5000.00;5000.00;0.00
2026;6;00282618;3;6310;Obecné příjmy a výdaje z finančních operací;Všeobecná veřejná správa a služby;Finanční operace;5163;Služby peněžních ústavů;Výdaje;Běžné výdaje;Výdaje na neinvestiční nákupy a související výdaje;Výdaje na nákup služeb;22000.00;22000.00;8700.41
2026;6;00282618;3;6320;Pojištění funkčně nespecifikované;Všeobecná veřejná správa a služby;Finanční operace;5163;Služby peněžních ústavů;Výdaje;Běžné výdaje;Výdaje na neinvestiční nákupy a související výdaje;Výdaje na nákup služeb;176000.00;189800.00;179424.00
2026;6;00282618;3;6330;Převody vlastním fondům v rozpočtech územní úrovně;Všeobecná veřejná správa a služby;Finanční operace;5342;Základní příděl fondu kulturních a sociálních potřeb a sociálnímu fondu obcí a krajů;Výdaje;Běžné výdaje;Neinvestiční transfery veřejnoprávním osobám a mezi peněžními fondy téže osoby a platby daní;Neinvestiční převody vlastním fondům a ve vztahu k útvarům bez právní osobnosti;738000.00;738000.00;435167.04
2026;6;00282618;3;6330;Převody vlastním fondům v rozpočtech územní úrovně;Všeobecná veřejná správa a služby;Finanční operace;5345;Převody vlastním rozpočtovým účtům;Výdaje;Běžné výdaje;Neinvestiční transfery veřejnoprávním osobám a mezi peněžními fondy téže osoby a platby daní;Neinvestiční převody vlastním fondům a ve vztahu k útvarům bez právní osobnosti;0.00;0.00;352750.00
2026;6;00282618;3;6399;Ostatní finanční operace;Všeobecná veřejná správa a služby;Finanční operace;5362;Platby daní státnímu rozpočtu;Výdaje;Běžné výdaje;Neinvestiční transfery veřejnoprávním osobám a mezi peněžními fondy téže osoby a platby daní;Ostatní neinvestiční transfery jiným rozpočtům a platby daní;285700.00;485700.00;287285.00
2026;6;00282618;3;6399;Ostatní finanční operace;Všeobecná veřejná správa a služby;Finanční operace;5365;Platby daní krajům, obcím a státním fondům;Výdaje;Běžné výdaje;Neinvestiční transfery veřejnoprávním osobám a mezi peněžními fondy téže osoby a platby daní;Ostatní neinvestiční transfery jiným rozpočtům a platby daní;1014300.00;1376400.00;1376340.00
2026;6;00282618;3;6402;Finanční vypořádání;Všeobecná veřejná správa a služby;Ostatní činnosti;5364;Vratky transferů poskytnutých z veřejných rozpočtů;Výdaje;Běžné výdaje;Neinvestiční transfery veřejnoprávním osobám a mezi peněžními fondy téže osoby a platby daní;Ostatní neinvestiční transfery jiným rozpočtům a platby daní;0.00;747000.00;746876.00
2026;6;00282618;3;6409;Ostatní činnosti jinde nezařazené;Všeobecná veřejná správa a služby;Ostatní činnosti;5222;Neinvestiční transfery spolkům;Výdaje;Běžné výdaje;Neinvestiční transfery soukromoprávním osobám;Neinvestiční transfery neziskovým a podobným osobám;30000.00;30000.00;30000.00
2026;6;00282618;3;6409;Ostatní činnosti jinde nezařazené;Všeobecná veřejná správa a služby;Ostatní činnosti;5904;Převody domněle neoprávněně použitých dotací zpět poskytovateli;Výdaje;Běžné výdaje;Ostatní neinvestiční výdaje;Ostatní neinvestiční výdaje;0.00;9000.00;8968.00
