{
 "Nebovidská": [
  49.152029,
  16.508108
 ],
 "Nová ulice": [
  49.154827,
  16.498861
 ],
 "Jar. Svobody": [
  49.155281,
  16.490145
 ],
 "Vanecká": [
  49.150433,
  16.48008
 ],
 "Bratří Kotrbů": [
  49.151239,
  16.481369
 ],
 "Jiráskova": [
  49.151318,
  16.481399
 ],
 "Smetanova": [
  49.152509,
  16.480758
 ],
 "Vršovická": [
  49.151496,
  16.482692
 ],
 "Písečná": [
  49.151968,
  16.479723
 ],
 "Ant. Smutného": [
  49.152561,
  16.495112
 ],
 "Žleby": [
  49.15149,
  16.487865
 ],
 "Trpín": [
  49.150027,
  16.499803
 ],
 "Pod Lipami": [
  49.151386,
  16.501152
 ],
 "Na Hrázi": [
  49.153036,
  16.501244
 ],
 "V Cihelně": [
  49.151664,
  16.500205
 ],
 "U Koupaliště": [
  49.153237,
  16.497528
 ],
 "Školní": [
  49.15217,
  16.493338
 ],
 "Komenského": [
  49.151355,
  16.49564
 ],
 "Příční": [
  49.151009,
  16.495352
 ],
 "Bezručova": [
  49.151071,
  16.502295
 ],
 "U Kostela": [
  49.151876,
  16.503616
 ],
 "K Myslivně": [
  49.149291,
  16.503193
 ],
 "Kozí strana": [
  49.152272,
  16.506765
 ],
 "V Uličce": [
  49.151603,
  16.507853
 ],
 "Pod Lesem": [
  49.150992,
  16.511085
 ],
 "Brněnská": [
  49.156011,
  16.504683
 ],
 "Svitáčkova": [
  49.151837,
  16.4786
 ],
 "Tetčická": [
  49.153372,
  16.481414
 ],
 "nám. Svobody": [
  49.152701,
  16.504095
 ],
 "Pod Kovárnou": [
  49.152474,
  16.505706
 ],
 "Malá Stránka": [
  49.153332,
  16.503692
 ],
 "Nádražní": [
  49.154388,
  16.483386
 ],
 "Ve Dvoře": [
  49.153127,
  16.504947
 ],
 "Úvoz": [
  49.154524,
  16.502966
 ],
 "Za Humny": [
  49.152652,
  16.508625
 ],
 "Zbirovského": [
  49.150531,
  16.50588
 ],
 "Kopaniny": [
  49.149889,
  16.506712
 ],
 "Nad Farou": [
  49.149651,
  16.503964
 ],
 "Květná": [
  49.149853,
  16.505827
 ],
 "Slunečná": [
  49.149763,
  16.505061
 ],
 "Luční": [
  49.152293,
  16.486445
 ],
 "Vyhlídková": [
  49.151855,
  16.48704
 ],
 "Polní": [
  49.151518,
  16.486089
 ]
}